id,data_entrada,fornecedor,nota_fiscal,cod_bobina,peso
2,08/10/2020,SANTA MARIA PAPEIS,130330,40638-2/20A842,415
3,08/10/2020,SANTA MARIA PAPEIS,130330,40638-2/20B842,413
4,08/10/2020,SANTA MARIA PAPEIS,130330,40638-2/20E842,414
5,08/10/2020,SANTA MARIA PAPEIS,130330,40638-2/20F842,411
6,08/10/2020,SANTA MARIA PAPEIS,130330,40638-2/20Z842,410
7,08/10/2020,SANTA MARIA PAPEIS,130330,40639-2/20A851,412
8,08/10/2020,SANTA MARIA PAPEIS,130330,40639-2/20B851,410
9,08/10/2020,SANTA MARIA PAPEIS,130330,40639-2/20E851,414
10,08/10/2020,SANTA MARIA PAPEIS,130330,40639-2/20F851,414
11,08/10/2020,SANTA MARIA PAPEIS,130330,40639-2/20Z851,410
12,08/10/2020,SANTA MARIA PAPEIS,130330,40639-2/20A852,413
13,08/10/2020,SANTA MARIA PAPEIS,130330,40639-2/20B852,415
14,08/10/2020,SANTA MARIA PAPEIS,130330,40639-2/20E852,415
15,08/10/2020,SANTA MARIA PAPEIS,130330,40639-2/20F852,411
16,08/10/2020,SANTA MARIA PAPEIS,130330,40639-2/20Z852,412
17,08/10/2020,SANTA MARIA PAPEIS,130330,40639-2/20A861,415
18,08/10/2020,SANTA MARIA PAPEIS,130330,40639-2/20B861,416
19,08/10/2020,SANTA MARIA PAPEIS,130330,40639-2/20E861,416
20,08/10/2020,SANTA MARIA PAPEIS,130330,40639-2/20F861,412
21,08/10/2020,SANTA MARIA PAPEIS,130330,40639-2/20Z861,412
22,08/10/2020,SANTA MARIA PAPEIS,130330,40639-2/20A862,413
23,08/10/2020,SANTA MARIA PAPEIS,130330,40639-2/20B862,415
24,08/10/2020,SANTA MARIA PAPEIS,130330,40639-2/20E862,415
25,08/10/2020,SANTA MARIA PAPEIS,130330,40639-2/20F862,411
26,08/10/2020,SANTA MARIA PAPEIS,130330,40639-2/20Z862,411
27,08/10/2020,SANTA MARIA PAPEIS,130330,40639-2/20A871,412
28,08/10/2020,SANTA MARIA PAPEIS,130330,40639-2/20B871,414
29,08/10/2020,SANTA MARIA PAPEIS,130330,40639-2/20E871,414
30,08/10/2020,SANTA MARIA PAPEIS,130330,40639-2/20F871,410
31,08/10/2020,SANTA MARIA PAPEIS,130330,40639-2/20Z871,410
32,08/10/2020,SANTA MARIA PAPEIS,130330,40642-2/20A992,410
33,08/10/2020,SANTA MARIA PAPEIS,130330,40642-2/20B992,412
34,08/10/2020,SANTA MARIA PAPEIS,130330,40642-2/20A001,412
35,08/10/2020,SANTA MARIA PAPEIS,130330,40642-2/20B001,411
70,09/10/2020,CMPC,79953,20I02162D,387
71,09/10/2020,CMPC,79953,20I02191D,386
72,09/10/2020,CMPC,79953,20I02172D,385
73,09/10/2020,CMPC,79953,20I02181D,386
74,09/10/2020,CMPC,79953,20I02182D,386
75,09/10/2020,CMPC,79953,20I02192D,385
76,09/10/2020,CMPC,79953,20D29172E,382
77,09/10/2020,CMPC,79953,20D29172P,382
78,09/10/2020,CMPC,79953,20D29192E,382
79,09/10/2020,CMPC,79953,20D29192P,383
80,09/10/2020,CMPC,79953,20D29172A,381
81,09/10/2020,CMPC,79953,20D29192B,381
82,09/10/2020,CMPC,79953,20D29192A,381
83,09/10/2020,CMPC,79953,20D29192B,381
84,09/10/2020,CMPC,79953,20D30152A,390
85,09/10/2020,CMPC,79953,20D30152B,390
86,09/10/2020,CMPC,79953,20D030161E,391
87,09/10/2020,CMPC,79953,20D30161P,391
88,09/10/2020,CMPC,79953,20D30172A,391
89,09/10/2020,CMPC,79953,20D30172B,391
90,09/10/2020,CMPC,79953,20D30181E,390
91,09/10/2020,CMPC,79953,20D30181P,390
92,09/10/2020,CMPC,79953,20D29181E,381
93,09/10/2020,CMPC,79953,20D29181P,382
94,09/10/2020,CMPC,79953,20D29181A,380
95,09/10/2020,CMPC,79953,20D29181B,381
96,09/10/2020,CMPC,79953,20D29162E,383
97,09/10/2020,CMPC,79953,20D29162P,383
98,09/10/2020,CMPC,79953,20D29162A,382
99,09/10/2020,CMPC,79953,20D29162B,382
100,09/10/2020,CMPC,79953,20D29161E,381
101,09/10/2020,CMPC,79953,20D29161P,382
102,09/10/2020,CMPC,79953,20D29161A,381
103,09/10/2020,CMPC,79953,20D29161B,381
138,01/10/2020,SANTA MARIA PAPEIS,129637,40386-2/207441,200
139,16/10/2020,CMPC,80529,20J13161A,386
140,16/10/2020,CMPC,80529,20J13162A,385
141,16/10/2020,CMPC,80529,20J13212A,385
142,16/10/2020,CMPC,80529,20J13221A,385
143,16/10/2020,CMPC,80529,20J13252A,390
144,16/10/2020,CMPC,80529,20J13261A,388
145,16/10/2020,CMPC,80529,20D30011A,389
146,16/10/2020,CMPC,80529,20D30011B,389
147,16/10/2020,CMPC,80529,20D30011E,390
148,16/10/2020,CMPC,80529,20D30011P,391
149,16/10/2020,CMPC,80529,20D30061E,391
150,16/10/2020,CMPC,80529,20D30061P,392
151,16/10/2020,CMPC,80529,20D30062E,391
152,16/10/2020,CMPC,80529,20D30062P,392
153,16/10/2020,CMPC,80529,20D30072A,391
154,16/10/2020,CMPC,80529,20D30072B,391
155,16/10/2020,CMPC,80529,20D30072E,391
156,16/10/2020,CMPC,80529,20D30072P,391
157,16/10/2020,CMPC,80529,20D30082A,391
158,16/10/2020,CMPC,80529,20D30082B,391
159,16/10/2020,CMPC,80529,20D30082E,391
160,16/10/2020,CMPC,80529,20D30082P,392
161,16/10/2020,CMPC,80529,20D30091A,392
162,16/10/2020,CMPC,80529,20D30091B,391
163,16/10/2020,CMPC,80529,20D30091E,391
164,16/10/2020,CMPC,80529,20D30091P,391
165,16/10/2020,CMPC,80529,20D30092E,391
166,16/10/2020,CMPC,80529,20D30092P,392
167,16/10/2020,CMPC,80529,20D30093E,391
168,16/10/2020,CMPC,80529,20D30093P,392
169,16/10/2020,CMPC,80529,20D30101E,390
170,16/10/2020,CMPC,80529,20D30101P,390
171,16/10/2020,CMPC,80529,20D30071P,390
172,16/10/2020,CMPC,80529,20D30071E,390
173,15/10/2020,SANTA MARIA PAPEIS,130330,40386-2/20C431,200
174,23/10/2020,CMPC,81233,20D17022D,384
175,23/10/2020,CMPC,81233,20D17021D,384
176,23/10/2020,CMPC,81233,20D17042P,382
177,23/10/2020,CMPC,81233,20D17042E,382
178,23/10/2020,CMPC,81233,20D16372D,384
179,23/10/2020,CMPC,81233,20D16372E,384
180,23/10/2020,CMPC,81233,20D17092D,380
181,23/10/2020,CMPC,81233,20D17091D,379
182,23/10/2020,CMPC,81233,20C31192B,389
183,23/10/2020,CMPC,81233,20C31192A,388
184,23/10/2020,CMPC,81233,20D06121P,391
185,23/10/2020,CMPC,81233,20D06121E,391
186,23/10/2020,CMPC,81233,20D16372B,384
187,23/10/2020,CMPC,81233,20D16372A,383
188,23/10/2020,CMPC,81233,20D16381E,382
189,23/10/2020,CMPC,81233,20D16381P,382
190,23/10/2020,CMPC,81233,20D17141B,382
191,23/10/2020,CMPC,81233,20D17141A,381
192,23/10/2020,CMPC,81233,20D17142P,383
193,23/10/2020,CMPC,81233,20D17141P,382
194,23/10/2020,CMPC,81233,20D16342P,383
195,23/10/2020,CMPC,81233,20D16342E,383
196,23/10/2020,CMPC,81233,20D16351B,384
197,23/10/2020,CMPC,81233,20D16351A,384
198,23/10/2020,CMPC,81233,20D17071B,377
199,23/10/2020,CMPC,81233,20D17071A,377
200,23/10/2020,CMPC,81233,20D06121B,392
201,23/10/2020,CMPC,81233,20D06121A,392
202,23/10/2020,CMPC,81233,20D16322B,379
203,23/10/2020,CMPC,81233,20D16322A,379
204,23/10/2020,CMPC,81233,20D16381B,382
205,23/10/2020,CMPC,81233,20D16381A,381
206,23/10/2020,CMPC,81233,20D17072P,379
207,23/10/2020,CMPC,81233,20D17072E,379
208,04/11/2020,CMPC,82104,20J31102D,364
209,04/11/2020,CMPC,82104,20J31182B,382
210,04/11/2020,CMPC,82104,20J31312D,389
211,04/11/2020,CMPC,82104,20K01051D,366
212,04/11/2020,CMPC,82104,20K01081D,357
213,04/11/2020,CMPC,82104,20K01082D,354
214,04/11/2020,CMPC,82104,20J31101D,384
215,04/11/2020,CMPC,82104,20J31321D,385
216,04/11/2020,CMPC,82104,20J31322A,389
217,04/11/2020,CMPC,82104,20J31322B,389
218,04/11/2020,CMPC,82104,20J31322E,387
219,04/11/2020,CMPC,82104,20J31322P,388
220,04/11/2020,CMPC,82104,20K01102E,383
221,04/11/2020,CMPC,82104,20K01102P,384
222,04/11/2020,CMPC,82104,20K01132E,380
223,04/11/2020,CMPC,82104,20K01132P,380
224,04/11/2020,CMPC,82104,20K01142E,380
225,04/11/2020,CMPC,82104,20K01142P,380
226,04/11/2020,CMPC,82104,20K01152A,386
227,04/11/2020,CMPC,82104,20K01152B,386
228,04/11/2020,CMPC,82104,20K01161A,387
229,04/11/2020,CMPC,82104,20K01161B,387
230,04/11/2020,CMPC,82104,20K01161D,385
231,04/11/2020,CMPC,82104,20K01161E,383
232,04/11/2020,CMPC,82104,20K01161P,384
233,04/11/2020,CMPC,82104,20K01162D,386
234,04/11/2020,CMPC,82104,20K01162E,383
235,04/11/2020,CMPC,82104,20K01162P,384
236,04/11/2020,CMPC,82104,20K01171D,385
237,04/11/2020,CMPC,82104,20K01171E,383
238,04/11/2020,CMPC,82104,20K01171P,383
239,04/11/2020,CMPC,82104,20K01172D,386
240,04/11/2020,CMPC,82104,20K01172E,384
241,04/11/2020,CMPC,82104,20K01172P,384
242,05/11/2020,SANTA MARIA PAPEIS,130975,40782-2/20F001,425
243,05/11/2020,SANTA MARIA PAPEIS,130975,40782-2/20B011,424
244,05/11/2020,SANTA MARIA PAPEIS,130975,40782-2/20A981,414
245,05/11/2020,SANTA MARIA PAPEIS,130975,40782-2/20C001,424
246,05/11/2020,SANTA MARIA PAPEIS,130975,40782-2/20Z011,426
247,05/11/2020,SANTA MARIA PAPEIS,130975,40782-2/20F011,426
248,05/11/2020,SANTA MARIA PAPEIS,130975,40782-2/20B001,423
249,05/11/2020,SANTA MARIA PAPEIS,130975,40782-2/20A001,406
250,05/11/2020,SANTA MARIA PAPEIS,130975,40782-2/20C971,414
251,05/11/2020,SANTA MARIA PAPEIS,130975,40782-2/20A971,415
252,05/11/2020,SANTA MARIA PAPEIS,130975,40782-2/20B971,415
253,05/11/2020,SANTA MARIA PAPEIS,130975,40782-2/20Z981,417
254,05/11/2020,SANTA MARIA PAPEIS,130975,40782-2/20Z941,414
255,05/11/2020,SANTA MARIA PAPEIS,130975,40782-2/20E941,413
256,05/11/2020,SANTA MARIA PAPEIS,130975,40782-2/20Z951,417
257,05/11/2020,SANTA MARIA PAPEIS,130975,40782-2/20E951,416
258,05/11/2020,SANTA MARIA PAPEIS,130975,40782-2/20E961,415
259,05/11/2020,SANTA MARIA PAPEIS,130975,40782-2/20Z961,415
260,05/11/2020,SANTA MARIA PAPEIS,130975,40782-2/20Z971,417
261,05/11/2020,SANTA MARIA PAPEIS,130975,40782-2/20F971,417
262,05/11/2020,SANTA MARIA PAPEIS,130975,40782-2/20C991,416
263,05/11/2020,SANTA MARIA PAPEIS,130975,40782-2/20Z991,416
264,05/11/2020,SANTA MARIA PAPEIS,130975,40782-2/20C981,413
265,05/11/2020,SANTA MARIA PAPEIS,130975,40782-2/20F991,414
266,05/11/2020,SANTA MARIA PAPEIS,130975,40782-2/20F981,416
267,05/11/2020,SANTA MARIA PAPEIS,130975,40782-2/20A991,414
268,05/11/2020,SANTA MARIA PAPEIS,130975,40782-2/20B991,412
269,05/11/2020,SANTA MARIA PAPEIS,130975,40782-2/20B981,415
270,05/11/2020,SANTA MARIA PAPEIS,130975,40782-2/20A011,423
271,05/11/2020,SANTA MARIA PAPEIS,130975,40782-2/20C011,423
272,05/11/2020,SANTA MARIA PAPEIS,130975,40782-2/20Z001,420
273,10/11/2020,CMPC,82575,20K05131B,385
274,10/11/2020,CMPC,82575,20K05131A,385
275,10/11/2020,CMPC,82575,20K05121C,386
276,10/11/2020,CMPC,82575,20K05121B,386
277,10/11/2020,CMPC,82575,20K05122P,377
278,10/11/2020,CMPC,82575,20K05122F,377
279,10/11/2020,CMPC,82575,20K05122B,378
280,10/11/2020,CMPC,82575,20K05122A,377
281,10/11/2020,CMPC,82575,20K05172P,383
282,10/11/2020,CMPC,82575,20K05172E,383
283,10/11/2020,CMPC,82575,20K05172B,383
284,10/11/2020,CMPC,82575,20K05172A,383
285,10/11/2020,CMPC,82575,20K05202P,383
286,10/11/2020,CMPC,82575,20K05202E,382
287,10/11/2020,CMPC,82575,20K05202B,383
288,10/11/2020,CMPC,82575,20K05202A,383
289,10/11/2020,CMPC,82575,20K05162P,381
290,10/11/2020,CMPC,82575,20K05162E,380
291,10/11/2020,CMPC,82575,20K05171B,380
292,10/11/2020,CMPC,82575,20K05171A,380
293,10/11/2020,CMPC,82575,20K05182P,381
294,10/11/2020,CMPC,82575,20K05182E,380
295,10/11/2020,CMPC,82575,20K05182B,381
296,10/11/2020,CMPC,82575,20K05182A,381
297,10/11/2020,CMPC,82575,20K06112B,392
298,10/11/2020,CMPC,82575,20K06112A,391
299,10/11/2020,CMPC,82575,20K05162B,383
300,10/11/2020,CMPC,82575,20K05162A,382
301,10/11/2020,CMPC,82575,20K05171P,380
302,10/11/2020,CMPC,82575,20K05171E,380
303,10/11/2020,CMPC,82575,20K05121P,384
304,10/11/2020,CMPC,82575,20K05121F,384
305,10/11/2020,CMPC,82575,20K05131F,384
306,10/11/2020,CMPC,82575,20K05131P,384
307,13/11/2020,CMPC,82858,20K05292A,387
308,13/11/2020,CMPC,82858,20K05292B,387
309,13/11/2020,CMPC,82858,20K05301A,386
310,13/11/2020,CMPC,82858,20K05301B,387
311,13/11/2020,CMPC,82858,20K05312A,388
312,13/11/2020,CMPC,82858,20K05312B,388
313,13/11/2020,CMPC,82858,20K05321D,389
314,13/11/2020,CMPC,82858,20K05321E,388
315,13/11/2020,CMPC,82858,20K05321P,388
316,13/11/2020,CMPC,82858,20K05322D,390
317,13/11/2020,CMPC,82858,20K05341A,391
318,13/11/2020,CMPC,82858,20K05341B,391
319,13/11/2020,CMPC,82858,20K05361E,390
320,13/11/2020,CMPC,82858,20K05361P,390
321,13/11/2020,CMPC,82858,20K06031A,390
322,13/11/2020,CMPC,82858,20K06031B,391
323,13/11/2020,CMPC,82858,20K06031D,390
324,13/11/2020,CMPC,82858,20K06031E,390
325,13/11/2020,CMPC,82858,20K06031P,390
326,13/11/2020,CMPC,82858,20K06032A,392
327,13/11/2020,CMPC,82858,20K06032B,392
328,13/11/2020,CMPC,82858,20K06032D,391
329,13/11/2020,CMPC,82858,20K06032E,390
330,13/11/2020,CMPC,82858,20K06032P,391
331,13/11/2020,CMPC,82858,20K06041A,391
332,13/11/2020,CMPC,82858,20K06041B,391
333,13/11/2020,CMPC,82858,20K06041D,390
334,13/11/2020,CMPC,82858,20K06041E,389
335,13/11/2020,CMPC,82858,20K06041P,390
336,13/11/2020,CMPC,82858,20K06042D,391
337,13/11/2020,CMPC,82858,20K06042E,390
338,13/11/2020,CMPC,82858,20K06042P,391
339,13/11/2020,CMPC,82858,20K06051E,391
340,13/11/2020,CMPC,82858,20K06051P,391
443,19/11/2020,CMPC,83503,20K06151D,389
444,19/11/2020,CMPC,83503,20K06152P,390
445,19/11/2020,CMPC,83503,20K06211C,389
446,19/11/2020,CMPC,83503,20K06212C,390
447,19/11/2020,CMPC,83503,20K06251C,388
448,19/11/2020,CMPC,83503,20K06252C,389
449,19/11/2020,CMPC,83503,20K06261C,388
450,19/11/2020,CMPC,83503,20K06262C,389
451,19/11/2020,CMPC,83503,20K18092D,381
452,19/11/2020,CMPC,83503,20K18092E,381
453,19/11/2020,CMPC,83503,20K18112D,382
454,19/11/2020,CMPC,83503,20K18112E,383
455,19/11/2020,CMPC,83503,20K18122A,386
456,19/11/2020,CMPC,83503,20K18122B,387
457,19/11/2020,CMPC,83503,20K18122E,386
458,19/11/2020,CMPC,83503,20K18122P,386
459,19/11/2020,CMPC,83503,20K18131D,385
460,19/11/2020,CMPC,83503,20K18131E,384
461,19/11/2020,CMPC,83503,20K18131P,384
462,19/11/2020,CMPC,83503,20K18132A,384
463,19/11/2020,CMPC,83503,20K18132B,385
464,19/11/2020,CMPC,83503,20K18132P,385
465,19/11/2020,CMPC,83503,20K18141D,385
466,19/11/2020,CMPC,83503,20K18141E,384
467,19/11/2020,CMPC,83503,20K18141P,384
468,19/11/2020,CMPC,83503,20K18142A,384
469,19/11/2020,CMPC,83503,20K18142B,384
470,19/11/2020,CMPC,83503,20K18142D,384
471,19/11/2020,CMPC,83503,20K18142E,385
472,19/11/2020,CMPC,83503,20K18142P,385
473,19/11/2020,CMPC,83503,20K18151E,382
474,19/11/2020,CMPC,83503,20K18151P,383
475,19/11/2020,CMPC,83503,20K18152A,381
476,19/11/2020,CMPC,83503,20K18152B,381
477,26/11/2020,CMPC,84106,20K22292P,391
478,26/11/2020,CMPC,84106,20K22292E,391
479,26/11/2020,CMPC,84106,20K22301P,390
480,26/11/2020,CMPC,84106,20K22301E,389
481,26/11/2020,CMPC,84106,20K22272P,374
482,26/11/2020,CMPC,84106,20K22272E,374
483,26/11/2020,CMPC,84106,20K22272A,371
484,26/11/2020,CMPC,84106,20K22272B,371
485,26/11/2020,CMPC,84106,20K22291P,391
486,26/11/2020,CMPC,84106,20K22291E,390
487,26/11/2020,CMPC,84106,20K22282P,391
488,26/11/2020,CMPC,84106,20K22282E,391
489,26/11/2020,CMPC,84106,20K22281B,386
490,26/11/2020,CMPC,84106,20K22281A,386
491,26/11/2020,CMPC,84106,20K22271B,386
492,26/11/2020,CMPC,84106,20K22271A,386
493,26/11/2020,CMPC,84106,20K22241P,389
494,26/11/2020,CMPC,84106,20K22222E,389
495,26/11/2020,CMPC,84106,20K22241E,388
496,26/11/2020,CMPC,84106,20K22222P,389
497,26/11/2020,CMPC,84106,20K22211P,388
498,26/11/2020,CMPC,84106,20K22211E,388
499,26/11/2020,CMPC,84106,20K22202B,388
500,26/11/2020,CMPC,84106,20K22202A,387
501,26/11/2020,CMPC,84106,20K22261B,387
502,26/11/2020,CMPC,84106,20K22261A,387
503,26/11/2020,CMPC,84106,20K22242P,388
504,26/11/2020,CMPC,84106,20K22242E,387
505,26/11/2020,CMPC,84106,20K22251B,387
506,26/11/2020,CMPC,84106,20K22251A,387
507,26/11/2020,CMPC,84106,20K22231B,388
508,26/11/2020,CMPC,84106,20K22231A,387
509,26/11/2020,CMPC,84106,20K22232B,386
510,26/11/2020,CMPC,84106,20K22232A,386
511,01/12/2020,CMPC,84739,20K26332D,388
512,01/12/2020,CMPC,84739,20K26341D,389
513,01/12/2020,CMPC,84739,20K26352D,393
514,01/12/2020,CMPC,84739,20K27011D,389
515,01/12/2020,CMPC,84739,20K27021D,388
516,01/12/2020,CMPC,84739,20K27022D,389
517,01/12/2020,CMPC,84739,20K27072D,382
518,01/12/2020,CMPC,84739,20K28182D,384
519,01/12/2020,CMPC,84739,20K28191D,385
520,01/12/2020,CMPC,84739,20K28212D,384
521,01/12/2020,CMPC,84739,20K28221A,379
522,01/12/2020,CMPC,84739,20K28221B,380
523,01/12/2020,CMPC,84739,20K28221D,379
524,01/12/2020,CMPC,84739,20K28221E,379
525,01/12/2020,CMPC,84739,20K28221P,385
526,01/12/2020,CMPC,84739,20K28223A,376
527,01/12/2020,CMPC,84739,20K28223B,377
528,01/12/2020,CMPC,84739,20K28223D,376
529,01/12/2020,CMPC,84739,20K28223E,377
530,01/12/2020,CMPC,84739,20K28231A,383
531,01/12/2020,CMPC,84739,20K28231B,383
532,01/12/2020,CMPC,84739,20K28231D,383
533,01/12/2020,CMPC,84739,20K28231E,383
534,01/12/2020,CMPC,84739,20K28231P,386
535,01/12/2020,CMPC,84739,20K28232A,383
536,01/12/2020,CMPC,84739,20K28232B,383
537,01/12/2020,CMPC,84739,20K28232D,382
538,01/12/2020,CMPC,84739,20K28232E,383
539,01/12/2020,CMPC,84739,20K28232P,386
540,01/12/2020,CMPC,84739,20K28241A,384
541,01/12/2020,CMPC,84739,20K28241B,385
542,01/12/2020,CMPC,84739,20K28241D,384
543,01/12/2020,CMPC,84739,20K28241E,384
544,01/12/2020,CMPC,84739,20K28241P,386
545,01/12/2020,CMPC,84739,20K28242P,387
546,07/12/2020,SANTA MARIA PAPEIS,131745,41113-2/20A172,417
547,07/12/2020,SANTA MARIA PAPEIS,131745,41113-2/20B172,415
548,07/12/2020,SANTA MARIA PAPEIS,131745,41113-2/20C172,415
549,07/12/2020,SANTA MARIA PAPEIS,131745,41113-2/20D172,417
550,07/12/2020,SANTA MARIA PAPEIS,131745,41113-2/20E172,413
551,07/12/2020,SANTA MARIA PAPEIS,131745,41113-2/20F172,415
552,07/12/2020,SANTA MARIA PAPEIS,131745,41113-2/20G172,419
553,07/12/2020,SANTA MARIA PAPEIS,131745,41113-2/20Z172,416
554,07/12/2020,SANTA MARIA PAPEIS,131745,41114-2/20A181,414
555,07/12/2020,SANTA MARIA PAPEIS,131745,41114-2/20B181,415
556,07/12/2020,SANTA MARIA PAPEIS,131745,41114-2/20C181,412
557,07/12/2020,SANTA MARIA PAPEIS,131745,41114-2/20D181,413
558,07/12/2020,SANTA MARIA PAPEIS,131745,41114-2/20E181,415
559,07/12/2020,SANTA MARIA PAPEIS,131745,41114-2/20F181,411
560,07/12/2020,SANTA MARIA PAPEIS,131745,41114-2/20G181,412
561,07/12/2020,SANTA MARIA PAPEIS,131745,41114-2/20Z181,417
562,07/12/2020,SANTA MARIA PAPEIS,131745,41114-2/20A182,412
563,07/12/2020,SANTA MARIA PAPEIS,131745,41114-2/20B182,414
564,07/12/2020,SANTA MARIA PAPEIS,131745,41114-2/20C182,414
565,07/12/2020,SANTA MARIA PAPEIS,131745,41114-2/20D182,409
566,07/12/2020,SANTA MARIA PAPEIS,131745,41114-2/20E182,411
567,07/12/2020,SANTA MARIA PAPEIS,131745,41114-2/20F182,411
568,07/12/2020,SANTA MARIA PAPEIS,131745,41114-2/20G182,415
569,07/12/2020,SANTA MARIA PAPEIS,131745,41114-2/20Z182,412
570,07/12/2020,SANTA MARIA PAPEIS,131745,41114-2/20A191,413
571,07/12/2020,SANTA MARIA PAPEIS,131745,41114-2/20B191,416
572,07/12/2020,SANTA MARIA PAPEIS,131745,41114-2/20C191,417
573,07/12/2020,SANTA MARIA PAPEIS,131745,41114-2/20D191,418
574,07/12/2020,SANTA MARIA PAPEIS,131745,41114-2/20E191,415
575,07/12/2020,SANTA MARIA PAPEIS,131745,41114-2/20F191,414
576,07/12/2020,SANTA MARIA PAPEIS,131745,41114-2/20G191,419
577,07/12/2020,SANTA MARIA PAPEIS,131745,41114-2/20Z191,417
578,07/12/2020,SANTA MARIA PAPEIS,131745,41114-2/20G192,417
579,07/12/2020,SANTA MARIA PAPEIS,131745,41114-2/20Z192,415
580,04/12/2020,CMPC,85183,20K22192D,392
581,04/12/2020,CMPC,85183,20K22231D,391
582,04/12/2020,CMPC,85183,20K22252D,392
583,04/12/2020,CMPC,85183,20K22282D,392
584,04/12/2020,CMPC,85183,20K26322B,388
585,04/12/2020,CMPC,85183,20K27042D,390
586,04/12/2020,CMPC,85183,20K27061D,387
587,04/12/2020,CMPC,85183,20K27022E,386
588,04/12/2020,CMPC,85183,20K27022P,387
589,04/12/2020,CMPC,85183,20K27081A,385
590,04/12/2020,CMPC,85183,20K27081B,385
591,04/12/2020,CMPC,85183,20K27081E,385
592,04/12/2020,CMPC,85183,20K27081P,385
593,04/12/2020,CMPC,85183,20K27082A,385
594,04/12/2020,CMPC,85183,20K27082B,385
595,04/12/2020,CMPC,85183,20K27082E,384
596,04/12/2020,CMPC,85183,20K27082P,385
597,04/12/2020,CMPC,85183,20K27282E,384
598,04/12/2020,CMPC,85183,20K27282P,385
599,04/12/2020,CMPC,85183,20K27291D,386
600,04/12/2020,CMPC,85183,20K27291E,383
601,04/12/2020,CMPC,85183,20K27291P,383
602,04/12/2020,CMPC,85183,20K27292A,384
603,04/12/2020,CMPC,85183,20K27292B,384
604,04/12/2020,CMPC,85183,20K27292D,386
605,04/12/2020,CMPC,85183,20K27292E,384
606,04/12/2020,CMPC,85183,20K27292P,384
607,04/12/2020,CMPC,85183,20K27301A,383
608,04/12/2020,CMPC,85183,20K27301B,384
609,04/12/2020,CMPC,85183,20K27301D,386
610,04/12/2020,CMPC,85183,20K27301E,383
611,04/12/2020,CMPC,85183,20K27301P,384
612,04/12/2020,CMPC,85183,20K27302D,387
665,16/12/2020,CMPC,86209,20L14073P,387
666,16/12/2020,CMPC,86209,20L15091P,390
667,16/12/2020,CMPC,86209,20L15092C,391
668,16/12/2020,CMPC,86209,20L15101A,393
669,16/12/2020,CMPC,86209,20L15102A,393
670,16/12/2020,CMPC,86209,20L15112A,389
671,16/12/2020,CMPC,86209,20L15131A,387
672,16/12/2020,CMPC,86209,20L14353D,386
673,16/12/2020,CMPC,86209,20L14361D,384
674,16/12/2020,CMPC,86209,20L14361E,385
675,16/12/2020,CMPC,86209,20L14361P,386
676,16/12/2020,CMPC,86209,20L15022A,390
677,16/12/2020,CMPC,86209,20L15022B,390
678,16/12/2020,CMPC,86209,20L15042D,386
679,16/12/2020,CMPC,86209,20L15042E,386
680,16/12/2020,CMPC,86209,20L15051A,389
681,16/12/2020,CMPC,86209,20L15051B,389
682,16/12/2020,CMPC,86209,20L15051D,388
683,16/12/2020,CMPC,86209,20L15051E,386
684,16/12/2020,CMPC,86209,20L15051P,387
685,16/12/2020,CMPC,86209,20L15052A,390
686,16/12/2020,CMPC,86209,20L15052B,390
687,16/12/2020,CMPC,86209,20L15052D,388
688,16/12/2020,CMPC,86209,20L15052E,388
689,16/12/2020,CMPC,86209,20L15052P,388
690,16/12/2020,CMPC,86209,20L15061E,388
691,16/12/2020,CMPC,86209,20L15061P,388
692,16/12/2020,CMPC,86209,20L15062A,390
693,16/12/2020,CMPC,86209,20L15062B,390
694,16/12/2020,CMPC,86209,20L15071A,390
695,16/12/2020,CMPC,86209,20L15071B,391
696,16/12/2020,CMPC,86209,20L15071E,388
697,16/12/2020,CMPC,86209,20L15071P,389
698,10/12/2020,CMPC,85702,20E07202A,390
699,10/12/2020,CMPC,85702,20E07202B,391
700,10/12/2020,CMPC,85702,20E07261D,394
701,10/12/2020,CMPC,85702,20E07262D,394
702,10/12/2020,CMPC,85702,20K22212D,392
703,10/12/2020,CMPC,85702,20K26322A,385
704,10/12/2020,CMPC,85702,20K26322D,386
705,10/12/2020,CMPC,85702,20K26322E,386
706,10/12/2020,CMPC,85702,20K26322P,387
707,10/12/2020,CMPC,85702,20K26331A,385
708,10/12/2020,CMPC,85702,20K26331B,385
709,10/12/2020,CMPC,85702,20K26331E,385
710,10/12/2020,CMPC,85702,20K26331P,386
711,10/12/2020,CMPC,85702,20K26332A,385
712,10/12/2020,CMPC,85702,20K26332B,385
713,10/12/2020,CMPC,85702,20K26332E,385
714,10/12/2020,CMPC,85702,20K26332P,386
715,10/12/2020,CMPC,85702,20K26342A,385
716,10/12/2020,CMPC,85702,20K26342B,386
717,10/12/2020,CMPC,85702,20K26342E,386
718,10/12/2020,CMPC,85702,20K26342P,386
719,10/12/2020,CMPC,85702,20K26351E,383
720,10/12/2020,CMPC,85702,20K26351P,384
721,10/12/2020,CMPC,85702,20K26361A,385
722,10/12/2020,CMPC,85702,20K26361B,386
723,10/12/2020,CMPC,85702,20K26361E,386
724,10/12/2020,CMPC,85702,20K26361P,387
725,10/12/2020,CMPC,85702,20L04091P,386
726,10/12/2020,CMPC,85702,20L04242E,383
727,10/12/2020,CMPC,85702,20L04242P,384
728,10/12/2020,CMPC,85702,20L07272D,358
729,10/12/2020,CMPC,85702,20L07312D,387
730,04/01/2021,SANTA MARIA PAPEIS,132342,41235-2/20A371,417
731,04/01/2021,SANTA MARIA PAPEIS,132342,41235-2/20A372,407
732,04/01/2021,SANTA MARIA PAPEIS,132342,41236-2/20A402,409
733,04/01/2021,SANTA MARIA PAPEIS,132342,41236-2/20B402,407
734,04/01/2021,SANTA MARIA PAPEIS,132342,41236-2/20E402,409
735,04/01/2021,SANTA MARIA PAPEIS,132342,41236-2/20Z402,408
736,04/01/2021,SANTA MARIA PAPEIS,132342,41236-2/20A411,411
737,04/01/2021,SANTA MARIA PAPEIS,132342,41236-2/20B411,408
738,04/01/2021,SANTA MARIA PAPEIS,132342,41236-2/20Z411,411
739,04/01/2021,SANTA MARIA PAPEIS,132342,41236-2/20B412,409
740,04/01/2021,SANTA MARIA PAPEIS,132342,41236-2/20Z421,411
741,04/01/2021,SANTA MARIA PAPEIS,132342,41239-2/20F562,404
742,04/01/2021,SANTA MARIA PAPEIS,132342,41241-2/20C641,411
743,04/01/2021,SANTA MARIA PAPEIS,132342,41241-2/20F641,408
744,04/01/2021,SANTA MARIA PAPEIS,132342,41241-2/20Z641,409
745,04/01/2021,SANTA MARIA PAPEIS,132342,41241-2/20C642,410
746,04/01/2021,SANTA MARIA PAPEIS,132342,41241-2/20F642,409
747,04/01/2021,SANTA MARIA PAPEIS,132342,41241-2/20Z642,408
748,04/01/2021,SANTA MARIA PAPEIS,132342,41241-2/20C651,410
749,04/01/2021,SANTA MARIA PAPEIS,132342,41241-2/20F651,409
750,04/01/2021,SANTA MARIA PAPEIS,132342,41241-2/20Z651,409
751,04/01/2021,SANTA MARIA PAPEIS,132342,41241-2/20C652,407
752,04/01/2021,SANTA MARIA PAPEIS,132342,41241-2/20F652,406
753,04/01/2021,SANTA MARIA PAPEIS,132342,41241-2/20Z652,405
754,04/01/2021,SANTA MARIA PAPEIS,132342,41241-2/20C661,409
755,04/01/2021,SANTA MARIA PAPEIS,132342,41241-2/20F661,409
756,04/01/2021,SANTA MARIA PAPEIS,132342,41241-2/20Z661,408
757,04/01/2021,SANTA MARIA PAPEIS,132342,41241-2/20C662,404
758,04/01/2021,SANTA MARIA PAPEIS,132342,41241-2/20F662,404
759,04/01/2021,SANTA MARIA PAPEIS,132342,41241-2/20Z662,403
760,04/01/2021,SANTA MARIA PAPEIS,132342,41241-2/20C671,410
761,04/01/2021,SANTA MARIA PAPEIS,132342,41241-2/20F671,410
762,04/01/2021,SANTA MARIA PAPEIS,132342,41241-2/20Z671,410
763,06/01/2021,CMPC,87772,20L18142A,385
764,06/01/2021,CMPC,87772,20L18142B,386
765,06/01/2021,CMPC,87772,20L18062E,386
766,06/01/2021,CMPC,87772,20L18062P,386
767,06/01/2021,CMPC,87772,20L18062A,386
768,06/01/2021,CMPC,87772,20L18062B,387
769,06/01/2021,CMPC,87772,20L14292A,385
770,06/01/2021,CMPC,87772,20L14292B,385
771,06/01/2021,CMPC,87772,20L14292E,383
772,06/01/2021,CMPC,87772,20L14292P,384
773,06/01/2021,CMPC,87772,20L18082A,387
774,06/01/2021,CMPC,87772,20L18082B,387
775,06/01/2021,CMPC,87772,20L18072B,381
776,06/01/2021,CMPC,87772,20L18081D,382
777,06/01/2021,CMPC,87772,20L18071E,385
778,06/01/2021,CMPC,87772,20L18071P,386
779,06/01/2021,CMPC,87772,20L18072D,386
780,06/01/2021,CMPC,87772,20L18071D,386
781,06/01/2021,CMPC,87772,20L18061E,385
782,06/01/2021,CMPC,87772,20L18061P,386
783,06/01/2021,CMPC,87772,20L18061D,385
784,06/01/2021,CMPC,87772,20L14281P,381
785,06/01/2021,CMPC,87772,20L18061A,386
786,06/01/2021,CMPC,87772,20L18061B,386
787,06/01/2021,CMPC,87772,20L14281E,380
788,06/01/2021,CMPC,87772,20L18062D,386
789,06/01/2021,CMPC,87772,20L18081A,387
790,06/01/2021,CMPC,87772,20L18081B,387
791,06/01/2021,CMPC,87772,20L18082E,386
792,06/01/2021,CMPC,87772,20L18082P,387
793,06/01/2021,CMPC,87772,20L14282E,380
794,06/01/2021,CMPC,87772,20L14282P,381
795,06/01/2021,CMPC,87772,20L18071A,385
796,06/01/2021,CMPC,87772,20L18071B,385
797,13/01/2021,CMPC,88426,21A07282C,361
798,13/01/2021,CMPC,88426,21A10192D,359
799,13/01/2021,CMPC,88426,21A10242D,354
800,13/01/2021,CMPC,88426,21A10262D,393
801,13/01/2021,CMPC,88426,21A10272D,390
802,13/01/2021,CMPC,88426,21A10282D,390
803,13/01/2021,CMPC,88426,21A10031D,391
804,13/01/2021,CMPC,88426,21A10031P,391
805,13/01/2021,CMPC,88426,21A10032D,391
806,13/01/2021,CMPC,88426,21A10032P,392
807,13/01/2021,CMPC,88426,21A10052D,384
808,13/01/2021,CMPC,88426,21A10052P,384
809,13/01/2021,CMPC,88426,21A10062D,365
810,13/01/2021,CMPC,88426,21A10062P,366
811,13/01/2021,CMPC,88426,21A10071D,390
812,13/01/2021,CMPC,88426,21A10071P,390
813,13/01/2021,CMPC,88426,21A10111D,389
814,13/01/2021,CMPC,88426,21A10111P,390
815,13/01/2021,CMPC,88426,21A10112D,390
816,13/01/2021,CMPC,88426,21A10112P,391
817,13/01/2021,CMPC,88426,21A10121D,390
818,13/01/2021,CMPC,88426,21A10121P,390
819,13/01/2021,CMPC,88426,21A10122A,389
820,13/01/2021,CMPC,88426,21A10122B,390
821,13/01/2021,CMPC,88426,21A10122D,389
822,13/01/2021,CMPC,88426,21A10122E,390
823,13/01/2021,CMPC,88426,21A10122P,390
824,13/01/2021,CMPC,88426,21A10151D,390
825,13/01/2021,CMPC,88426,21A10151E,388
826,13/01/2021,CMPC,88426,21A10151P,388
827,13/01/2021,CMPC,88426,21A10152E,388
828,13/01/2021,CMPC,88426,21A10152P,388
829,19/01/2021,CMPC,88893,21A15302D,370
830,19/01/2021,CMPC,88893,21A15381D,391
831,19/01/2021,CMPC,88893,21A15382D,391
832,19/01/2021,CMPC,88893,21A15392D,391
833,19/01/2021,CMPC,88893,21A15401D,389
834,19/01/2021,CMPC,88893,21A15321D,387
835,19/01/2021,CMPC,88893,21A15112E,388
836,19/01/2021,CMPC,88893,21A15112P,389
837,19/01/2021,CMPC,88893,21A15382A,391
838,19/01/2021,CMPC,88893,21A15382B,391
839,19/01/2021,CMPC,88893,21A15382E,389
840,19/01/2021,CMPC,88893,21A15382P,390
841,19/01/2021,CMPC,88893,21A15391A,390
842,19/01/2021,CMPC,88893,21A15391B,391
843,19/01/2021,CMPC,88893,21A15392A,392
844,19/01/2021,CMPC,88893,21A15392B,392
845,19/01/2021,CMPC,88893,21A15402B,390
846,19/01/2021,CMPC,88893,21A16231A,386
847,19/01/2021,CMPC,88893,21A16231B,386
848,19/01/2021,CMPC,88893,21A16231D,385
849,19/01/2021,CMPC,88893,21A16231E,385
850,19/01/2021,CMPC,88893,21A16232A,386
851,19/01/2021,CMPC,88893,21A16232B,386
852,19/01/2021,CMPC,88893,21A16232P,386
853,19/01/2021,CMPC,88893,21A16241A,384
854,19/01/2021,CMPC,88893,21A16241B,385
855,19/01/2021,CMPC,88893,21A16241D,384
856,19/01/2021,CMPC,88893,21A16241E,385
857,19/01/2021,CMPC,88893,21A16241P,386
858,19/01/2021,CMPC,88893,21A16242A,385
859,19/01/2021,CMPC,88893,21A16242B,385
860,19/01/2021,CMPC,88893,21A16242D,385
861,19/01/2021,CMPC,88893,21A16242E,386
862,19/01/2021,CMPC,88893,21A15402A,390
863,26/01/2021,SANTA MARIA PAPEIS,132863,41590-2/21A891,405
864,26/01/2021,SANTA MARIA PAPEIS,132863,41590-2/21A892,402
865,26/01/2021,SANTA MARIA PAPEIS,132863,41599-2/21A191,408
866,26/01/2021,SANTA MARIA PAPEIS,132863,41599-2/21B191,410
867,26/01/2021,SANTA MARIA PAPEIS,132863,41599-2/21E191,414
868,26/01/2021,SANTA MARIA PAPEIS,132863,41599-2/21Z191,414
869,26/01/2021,SANTA MARIA PAPEIS,132863,41599-2/21A192,405
870,26/01/2021,SANTA MARIA PAPEIS,132863,41599-2/21B192,408
871,26/01/2021,SANTA MARIA PAPEIS,132863,41599-2/21E192,412
872,26/01/2021,SANTA MARIA PAPEIS,132863,41599-2/21Z192,411
873,26/01/2021,SANTA MARIA PAPEIS,132863,41599-2/21A201,405
874,26/01/2021,SANTA MARIA PAPEIS,132863,41599-2/21B201,403
875,26/01/2021,SANTA MARIA PAPEIS,132863,41599-2/21E201,409
876,26/01/2021,SANTA MARIA PAPEIS,132863,41599-2/21Z201,407
877,26/01/2021,SANTA MARIA PAPEIS,132863,41599-2/21A202,406
878,26/01/2021,SANTA MARIA PAPEIS,132863,41599-2/21B202,408
879,26/01/2021,SANTA MARIA PAPEIS,132863,41599-2/21E202,412
880,26/01/2021,SANTA MARIA PAPEIS,132863,41599-2/21Z202,411
881,26/01/2021,SANTA MARIA PAPEIS,132863,41600-2/21A211,407
882,26/01/2021,SANTA MARIA PAPEIS,132863,41600-2/21B211,409
883,26/01/2021,SANTA MARIA PAPEIS,132863,41600-2/21E211,413
884,26/01/2021,SANTA MARIA PAPEIS,132863,41600-2/21Z211,411
885,26/01/2021,SANTA MARIA PAPEIS,132863,41600-2/21A212,405
886,26/01/2021,SANTA MARIA PAPEIS,132863,41600-2/21B212,408
887,26/01/2021,SANTA MARIA PAPEIS,132863,41600-2/21E212,411
888,26/01/2021,SANTA MARIA PAPEIS,132863,41600-2/21Z212,409
889,26/01/2021,SANTA MARIA PAPEIS,132863,41600-2/21A221,407
890,26/01/2021,SANTA MARIA PAPEIS,132863,41600-2/21B221,409
891,26/01/2021,SANTA MARIA PAPEIS,132863,41600-2/21E221,413
892,26/01/2021,SANTA MARIA PAPEIS,132863,41600-2/21Z221,411
893,26/01/2021,SANTA MARIA PAPEIS,132863,41600-2/21A222,403
894,26/01/2021,SANTA MARIA PAPEIS,132863,41600-2/21B222,406
895,26/01/2021,SANTA MARIA PAPEIS,132863,41600-2/21E222,410
896,26/01/2021,SANTA MARIA PAPEIS,132863,41600-2/21Z222,408
897,28/01/2021,CMPC,90009,21A15292A,389
898,28/01/2021,CMPC,90009,21A15311D,387
899,28/01/2021,CMPC,90009,21A15331D,388
900,28/01/2021,CMPC,90009,21A15341D,388
901,28/01/2021,CMPC,90009,21A16123B,389
902,28/01/2021,CMPC,90009,21A17132A,394
903,28/01/2021,CMPC,90009,21A07143A,386
904,28/01/2021,CMPC,90009,21A07143B,383
905,28/01/2021,CMPC,90009,21A07143P,384
906,28/01/2021,CMPC,90009,21A07151D,387
907,28/01/2021,CMPC,90009,21A14261D,385
908,28/01/2021,CMPC,90009,21A14261E,384
909,28/01/2021,CMPC,90009,21A14261P,384
910,28/01/2021,CMPC,90009,21A14262A,385
911,28/01/2021,CMPC,90009,21A14262B,386
912,28/01/2021,CMPC,90009,21A14262D,385
913,28/01/2021,CMPC,90009,21A14272A,385
914,28/01/2021,CMPC,90009,21A14272B,386
915,28/01/2021,CMPC,90009,21A16141A,389
916,28/01/2021,CMPC,90009,21A16141B,389
917,28/01/2021,CMPC,90009,21A16141D,388
918,28/01/2021,CMPC,90009,21A16141E,387
919,28/01/2021,CMPC,90009,21A16141P,388
920,28/01/2021,CMPC,90009,21A16142A,388
921,28/01/2021,CMPC,90009,21A16142B,389
922,28/01/2021,CMPC,90009,21A16142D,387
923,28/01/2021,CMPC,90009,21A16142E,388
924,28/01/2021,CMPC,90009,21A16142P,388
925,28/01/2021,CMPC,90009,21A16151A,388
926,28/01/2021,CMPC,90009,21A16151P,388
927,28/01/2021,CMPC,90009,21A16161A,390
928,28/01/2021,CMPC,90009,21A16161B,390
929,28/01/2021,CMPC,90009,21A16161D,387
930,28/01/2021,CMPC,90009,21A16161E,387
