id,data,fornecedor,nota_fiscal,cod_bobina,peso
1,09/10/2020,CMPC,79953,20D30152A,229
2,09/10/2020,CMPC,79953,20I02192D,385
3,09/10/2020,CMPC,79953,20D30172A,391
4,09/10/2020,CMPC,79953,20D30181P,390
5,09/10/2020,CMPC,79953,20I02172D,385
6,09/10/2020,CMPC,79953,20D30181E,390
7,09/10/2020,CMPC,79953,20D29181B,381
8,09/10/2020,CMPC,79953,20D29181P,382
9,09/10/2020,CMPC,79953,20I02191D,386
10,09/10/2020,CMPC,79953,20D29181E,381
11,09/10/2020,CMPC,79953,20D29181A,380
12,09/10/2020,CMPC,79953,20D30172B,161
13,13/10/2020,CMPC,79953,20D29161P,382
14,13/10/2020,CMPC,79953,20D29181A,200
15,13/10/2020,CMPC,79953,20I02162D,387
16,13/10/2020,CMPC,79953,20D29161E,381
17,13/10/2020,CMPC,79953,20D29162B,382
18,13/10/2020,CMPC,79953,20D30161P,391
19,13/10/2020,CMPC,79953,20D29161B,381
20,13/10/2020,CMPC,79953,20D29162A,382
21,13/10/2020,CMPC,79953,20D29161A,381
22,13/10/2020,CMPC,79953,20D29172A,381
23,13/10/2020,CMPC,79953,20D29172P,382
24,13/10/2020,CMPC,79953,20D29172A,381
26,14/10/2020,CMPC,79953,20D30161P,391
27,14/10/2020,CMPC,79953,20D29162E,383
28,14/10/2020,CMPC,79953,20D29162P,383
29,14/10/2020,CMPC,79953,20D29192A,381
30,14/10/2020,CMPC,79953,20D29192P,383
31,14/10/2020,CMPC,79953,20D29172E,382
32,14/10/2020,CMPC,79953,20D29192E,382
34,14/10/2020,CMPC,79953,20D30172A,391
35,14/10/2020,CMPC,79953,20D30161P,391
36,14/10/2020,CMPC,79953,20D29162E,383
37,14/10/2020,CMPC,79953,20D29162P,383
38,14/10/2020,CMPC,79953,20D29192A,381
39,14/10/2020,CMPC,79953,20D29192P,383
40,14/10/2020,CMPC,79953,20D29172E,382
41,14/10/2020,CMPC,79953,20D29192E,382
42,14/10/2020,CMPC,79953,20D30172A,391
43,14/10/2020,CMPC,79953,20D30161P,391
44,14/10/2020,CMPC,79953,20D29162E,383
45,14/10/2020,CMPC,79953,20D29162P,383
46,14/10/2020,CMPC,79953,20D29192A,381
47,14/10/2020,CMPC,79953,20D29192P,383
48,14/10/2020,CMPC,79953,20D29172E,382
49,14/10/2020,CMPC,79953,20D29192E,382
50,14/10/2020,CMPC,79953,20D30172A,391
51,14/10/2020,CMPC,79953,20D30161P,391
52,14/10/2020,CMPC,79953,20D29162E,383
53,14/10/2020,CMPC,79953,20D29162P,383
54,14/10/2020,CMPC,79953,20D29192A,381
55,14/10/2020,CMPC,79953,20D29192P,383
56,14/10/2020,CMPC,79953,20D29172E,382
58,14/10/2020,SANTA MARIA PAPEIS,129637,40386-2/207441,200
59,14/10/2020,SANTA MARIA PAPEIS,130330,40642-2/20A992,410
60,14/10/2020,SANTA MARIA PAPEIS,130330,40639-2/20E852,415
61,14/10/2020,CMPC,79953,20D30172A,391
62,14/10/2020,CMPC,79953,20D30161P,391
63,14/10/2020,CMPC,79953,20D29162E,383
64,14/10/2020,CMPC,79953,20D29162P,383
65,14/10/2020,CMPC,79953,20D29192A,381
66,14/10/2020,CMPC,79953,20D29192P,383
67,14/10/2020,CMPC,79953,20D29172E,382
68,14/10/2020,CMPC,79953,20D29192E,382
69,14/10/2020,SANTA MARIA PAPEIS,129637,40386-2/207441,200
70,14/10/2020,SANTA MARIA PAPEIS,130330,40642-2/20A992,410
72,14/10/2020,CMPC,79953,20D30172A,391
73,14/10/2020,CMPC,79953,20D30161P,391
74,14/10/2020,CMPC,79953,20D29162E,383
75,14/10/2020,CMPC,79953,20D29162P,383
76,14/10/2020,CMPC,79953,20D29192A,381
77,14/10/2020,CMPC,79953,20D29192P,383
78,14/10/2020,CMPC,79953,20D29172E,382
79,14/10/2020,CMPC,79953,20D29192E,382
80,14/10/2020,SANTA MARIA PAPEIS,129637,40386-2/207441,200
81,14/10/2020,SANTA MARIA PAPEIS,130330,40642-2/20A992,410
82,14/10/2020,SANTA MARIA PAPEIS,130330,40639-2/20E852,415
83,15/10/2020,SANTA MARIA PAPEIS,130330,40639-2/20E852,200
84,15/10/2020,SANTA MARIA PAPEIS,130330,40638-2/20F842,411
85,15/10/2020,SANTA MARIA PAPEIS,130330,40639-2/20F852,411
86,15/10/2020,SANTA MARIA PAPEIS,130330,40638-2/20A842,415
87,15/10/2020,SANTA MARIA PAPEIS,130330,40638-2/20B842,413
88,15/10/2020,SANTA MARIA PAPEIS,130330,40639-2/20A852,413
89,15/10/2020,SANTA MARIA PAPEIS,130330,40638-2/20Z842,410
90,15/10/2020,SANTA MARIA PAPEIS,130330,40638-2/20E842,414
91,15/10/2020,SANTA MARIA PAPEIS,130330,40639-2/20Z861,412
92,16/10/2020,SANTA MARIA PAPEIS,130330,40639-2/20Z861,200
93,16/10/2020,SANTA MARIA PAPEIS,130330,40639-2/20Z852,412
94,16/10/2020,SANTA MARIA PAPEIS,130330,40639-2/20E851,414
95,16/10/2020,SANTA MARIA PAPEIS,130330,40639-2/20A861,415
96,16/10/2020,SANTA MARIA PAPEIS,130330,40639-2/20F851,414
97,16/10/2020,SANTA MARIA PAPEIS,130330,40386-2/20C431,200
98,16/10/2020,SANTA MARIA PAPEIS,130330,40639-2/20Z861,200
99,16/10/2020,SANTA MARIA PAPEIS,130330,40639-2/20Z852,412
100,16/10/2020,SANTA MARIA PAPEIS,130330,40639-2/20E851,414
101,16/10/2020,SANTA MARIA PAPEIS,130330,40639-2/20A861,415
102,16/10/2020,SANTA MARIA PAPEIS,130330,40639-2/20F851,414
103,16/10/2020,SANTA MARIA PAPEIS,130330,40386-2/20C431,200
104,16/10/2020,CMPC,80529,20D29172A,151
105,16/10/2020,CMPC,80529,20D30071P,390
106,16/10/2020,CMPC,80529,20J13221A,385
107,16/10/2020,CMPC,80529,20D30091P,391
108,16/10/2020,CMPC,80529,20J13161A,386
109,16/10/2020,CMPC,80529,20D30091E,161
110,19/10/2020,CMPC,80529,20J13162A,385
111,19/10/2020,CMPC,80529,20D30091P,230
112,19/10/2020,CMPC,80529,20J13212A,385
113,19/10/2020,CMPC,80529,20D30062P,392
114,19/10/2020,CMPC,80529,20D30071E,390
115,19/10/2020,CMPC,80529,20D30062E,391
116,19/10/2020,CMPC,80529,20J13252A,390
117,19/10/2020,CMPC,80529,20D30011B,389
118,19/10/2020,CMPC,80529,20J13261A,388
119,19/10/2020,CMPC,80529,20D30072B,391
120,19/10/2020,CMPC,80529,20D30011A,389
121,19/10/2020,CMPC,80529,20D30061P,230
122,20/10/2020,CMPC,80529,20D30061P,162
123,20/10/2020,CMPC,80529,20D30082B,391
124,20/10/2020,CMPC,80529,20D30061E,391
125,20/10/2020,CMPC,80529,20D30093P,392
126,20/10/2020,CMPC,80529,20D30092P,392
127,20/10/2020,CMPC,80529,20D30082A,391
128,20/10/2020,CMPC,80529,20D30093E,391
129,20/10/2020,CMPC,80529,20D30072A,391
130,20/10/2020,CMPC,80529,20D30092E,391
131,20/10/2020,CMPC,80529,20D30091B,391
132,20/10/2020,CMPC,80529,20D30011P,391
133,20/10/2020,CMPC,80529,20D30082P,161
145,21/10/2020,SANTA MARIA PAPEIS,130330,40639-2/20Z851,410
146,21/10/2020,CMPC,79953,20D29161P,382
147,21/10/2020,CMPC,79953,20D29181A,200
148,21/10/2020,CMPC,79953,20D29161P,382
149,21/10/2020,CMPC,79953,20D29181A,200
150,21/10/2020,CMPC,80529,20D30082E,391
151,21/10/2020,CMPC,80529,20D30072E,391
152,21/10/2020,CMPC,80529,20D30091B,391
153,21/10/2020,CMPC,80529,20D30101P,390
154,21/10/2020,CMPC,80529,20D30101E,390
156,21/10/2020,SANTA MARIA PAPEIS,130330,40639-2/20Z862,411
158,22/10/2020,SANTA MARIA PAPEIS,130330,40639-2/20Z851,380
159,22/10/2020,SANTA MARIA PAPEIS,130330,40639-2/20Z862,379
160,22/10/2020,SANTA MARIA PAPEIS,130330,40642-2/20B992,412
161,22/10/2020,SANTA MARIA PAPEIS,130330,40639-2/20B852,415
162,22/10/2020,SANTA MARIA PAPEIS,130330,40639-2/20B851,290
163,22/10/2020,SANTA MARIA PAPEIS,130330,40639-2/20B862,415
164,22/10/2020,SANTA MARIA PAPEIS,130330,40639-2/20A851,138
165,23/10/2020,SANTA MARIA PAPEIS,130330,40639-2/20A851,274
166,23/10/2020,SANTA MARIA PAPEIS,130330,40639-2/20F862,411
167,23/10/2020,SANTA MARIA PAPEIS,130330,40639-2/20A862,413
168,23/10/2020,SANTA MARIA PAPEIS,130330,40639-2/20A871,412
169,23/10/2020,SANTA MARIA PAPEIS,130330,40639-2/20E861,416
170,23/10/2020,SANTA MARIA PAPEIS,130330,40639-2/20E862,415
171,23/10/2020,SANTA MARIA PAPEIS,130330,40639-2/20B851,120
172,26/10/2020,CMPC,81233,20D16381B,382
173,26/10/2020,CMPC,81233,20D17072P,379
174,26/10/2020,CMPC,81233,20D16381A,381
175,26/10/2020,CMPC,81233,20D06121B,392
176,26/10/2020,CMPC,81233,20D17072E,379
177,26/10/2020,CMPC,81233,20D17071B,377
178,26/10/2020,CMPC,81233,20D16322B,379
179,26/10/2020,CMPC,81233,20D16351B,384
180,26/10/2020,CMPC,81233,20D06121A,60
181,27/10/2020,CMPC,81233,20D06121A,332
182,27/10/2020,CMPC,81233,20D16351B,100
183,27/10/2020,CMPC,81233,20D16351A,384
184,27/10/2020,CMPC,81233,20D17071A,377
185,27/10/2020,CMPC,81233,20D16342P,383
186,27/10/2020,CMPC,81233,20D16322A,379
187,27/10/2020,CMPC,81233,20D16342E,383
188,27/10/2020,CMPC,81233,20D17042P,382
189,27/10/2020,CMPC,81233,20D17022D,224
190,28/10/2020,CMPC,81233,20D17021D,384
191,28/10/2020,CMPC,81233,20D17022D,160
192,28/10/2020,CMPC,81233,20D17141B,382
193,28/10/2020,CMPC,81233,20D17141A,381
194,28/10/2020,CMPC,81233,20D17042P,382
195,28/10/2020,CMPC,81233,20D16372B,384
196,28/10/2020,CMPC,81233,20D17042E,382
197,28/10/2020,CMPC,81233,20D16372A,323
198,28/10/2020,CMPC,81233,20D17141P,270
199,29/10/2020,CMPC,81233,20D16372A,60
200,29/10/2020,CMPC,81233,20D17141P,312
201,29/10/2020,CMPC,81233,20C31192B,389
202,29/10/2020,CMPC,81233,20D17092D,380
203,29/10/2020,CMPC,81233,20D16381P,382
204,29/10/2020,CMPC,81233,20D06121P,391
205,29/10/2020,CMPC,81233,20C31192A,150
206,30/10/2020,CMPC,81233,20C31192A,388
207,30/10/2020,CMPC,81233,20D06121P,391
208,30/10/2020,CMPC,81233,20D16372E,384
209,30/10/2020,CMPC,81233,20D16381E,221
210,03/11/2020,CMPC,81233,20D16381E,161
211,03/11/2020,CMPC,81233,20D16372B,384
212,03/11/2020,CMPC,81233,20D17091D,379
213,03/11/2020,SANTA MARIA PAPEIS,130330,40642-2/20A001,412
214,03/11/2020,SANTA MARIA PAPEIS,130330,40639-2/20B871,414
215,03/11/2020,SANTA MARIA PAPEIS,130330,40639-2/20E871,414
216,03/11/2020,SANTA MARIA PAPEIS,130330,40639-2/20B861,200
217,04/11/2020,CMPC,81233,20D17091D,161
218,04/11/2020,CMPC,82104,20K01161D,385
219,04/11/2020,CMPC,82104,20J31312D,389
220,04/11/2020,CMPC,82104,20K01162D,386
221,04/11/2020,CMPC,82104,20K01171P,383
222,04/11/2020,CMPC,82104,20K01161P,384
223,04/11/2020,CMPC,82104,20K01082D,354
224,04/11/2020,CMPC,82104,20K01161E,138
225,05/11/2020,CMPC,82104,20K01161E,245
226,05/11/2020,CMPC,82104,20K01152A,386
227,05/11/2020,CMPC,82104,20K01081D,357
228,05/11/2020,CMPC,82104,20K01171E,383
229,05/11/2020,CMPC,82104,20J31182B,382
230,05/11/2020,CMPC,82104,20K01152B,386
231,05/11/2020,CMPC,82104,20J31322P,384
232,05/11/2020,CMPC,82104,20J31321D,224
233,06/11/2020,CMPC,82104,20K01051D,161
234,06/11/2020,CMPC,82104,20J31101D,384
235,06/11/2020,CMPC,82104,20K01161B,387
236,06/11/2020,CMPC,82104,20J31322P,388
237,06/11/2020,CMPC,82104,20K01102E,383
238,06/11/2020,CMPC,82104,20K01161A,387
239,06/11/2020,CMPC,82104,20J31322E,387
240,06/11/2020,CMPC,82104,20K01142P,380
241,06/11/2020,CMPC,82104,20K01162P,223
242,07/11/2020,SANTA MARIA PAPEIS,130330,40639-2/20B861,216
243,07/11/2020,SANTA MARIA PAPEIS,130330,40639-2/20Z871,410
244,07/11/2020,SANTA MARIA PAPEIS,130330,40639-2/20F861,412
245,07/11/2020,SANTA MARIA PAPEIS,130330,40639-2/20F871,210
246,09/11/2020,CMPC,82104,20K01162P,384
247,09/11/2020,CMPC,82104,20K01162E,383
248,09/11/2020,CMPC,82104,20K01142E,380
249,09/11/2020,CMPC,82104,20K01172P,384
250,09/11/2020,CMPC,82104,20J31322B,389
251,09/11/2020,CMPC,82104,20K01172D,386
252,09/11/2020,CMPC,82104,20J31102D,364
253,09/11/2020,CMPC,82104,20K01171D,385
254,09/11/2020,CMPC,82104,20K01172E,384
255,09/11/2020,CMPC,82104,20K01051D,366
256,09/11/2020,CMPC,82104,20K01132P,380
257,09/11/2020,CMPC,82104,20J31322A,389
258,09/11/2020,CMPC,82104,20K01132E,380
259,10/11/2020,CMPC,82104,20K01132E,172
260,10/11/2020,CMPC,82104,20J31322A,176
261,10/11/2020,SANTA MARIA PAPEIS,130330,40639-2/20F871,200
262,10/11/2020,SANTA MARIA PAPEIS,130975,40782-2/20F001,425
263,10/11/2020,SANTA MARIA PAPEIS,130330,40642-2/20B001,211
264,10/11/2020,CMPC,82104,20K01132E,161
265,10/11/2020,CMPC,82575,20K05162P,381
266,10/11/2020,CMPC,82575,20K05171B,380
267,11/11/2020,CMPC,82575,20K05171B,180
268,11/11/2020,CMPC,82575,20K05131P,384
269,11/11/2020,CMPC,82575,20K05182P,381
270,11/11/2020,CMPC,82575,20K05162B,383
271,11/11/2020,CMPC,82575,20K05131F,384
272,11/11/2020,CMPC,82575,20K05162A,382
273,11/11/2020,CMPC,82575,20K05171A,380
274,11/11/2020,CMPC,82575,20K05182P,381
275,11/11/2020,CMPC,82575,20K06112B,392
276,11/11/2020,CMPC,82575,20K05131A,385
277,11/11/2020,CMPC,82575,20K05202B,383
278,11/11/2020,CMPC,82575,20K05162B,219
279,12/11/2020,CMPC,82575,20K05121C,386
280,12/11/2020,CMPC,82575,20K05162B,161
281,12/11/2020,SANTA MARIA PAPEIS,130330,40642-2/20B001,411
282,12/11/2020,SANTA MARIA PAPEIS,130975,40782-2/20F001,425
283,12/11/2020,SANTA MARIA PAPEIS,130975,40782-2/20C001,424
284,12/11/2020,SANTA MARIA PAPEIS,130975,40782-2/20B991,412
285,12/11/2020,SANTA MARIA PAPEIS,130975,40782-2/20A981,414
286,12/11/2020,SANTA MARIA PAPEIS,130975,40782-2/20B011,424
287,12/11/2020,SANTA MARIA PAPEIS,130975,40782-2/20B981,415
288,12/11/2020,SANTA MARIA PAPEIS,130975,40782-2/20Z011,426
289,12/11/2020,SANTA MARIA PAPEIS,130330,40639-2/20E871,200
290,13/11/2020,CMPC,82575,20K05121C,386
291,13/11/2020,CMPC,82575,20K05162B,161
292,13/11/2020,CMPC,82575,20K05122P,377
293,13/11/2020,CMPC,82575,20K05202P,383
294,13/11/2020,CMPC,82575,20K05122P,377
295,13/11/2020,CMPC,82575,20K06112A,391
296,13/11/2020,CMPC,82575,20K05202A,383
297,13/11/2020,CMPC,82575,20K05122B,378
298,13/11/2020,CMPC,82575,20K05202E,382
299,13/11/2020,CMPC,82575,20K05172P,383
300,13/11/2020,CMPC,82575,20K05171E,233
301,14/11/2020,CMPC,82575,20K05122A,377
302,14/11/2020,CMPC,82575,20K05171E,161
303,14/11/2020,CMPC,82575,20K05171P,380
304,14/11/2020,CMPC,82575,20K05172P,383
305,14/11/2020,CMPC,82575,20K05182B,381
306,14/11/2020,CMPC,82575,20K05121P,100
307,16/11/2020,CMPC,82575,20K05182B,381
308,16/11/2020,CMPC,82575,20K05121P,280
309,16/11/2020,CMPC,82575,20K05121B,386
310,16/11/2020,CMPC,82575,20K05171E,380
311,16/11/2020,CMPC,82575,20K05172B,383
313,16/11/2020,CMPC,82858,20K05361E,390
314,16/11/2020,CMPC,82858,20K05292B,387
315,16/11/2020,CMPC,82858,20K06031P,390
316,16/11/2020,CMPC,82858,20K05292A,161
317,16/11/2020,CMPC,82858,20K06031E,90
318,17/11/2020,CMPC,82858,20K06031E,300
319,17/11/2020,CMPC,82858,20K05292A,226
320,17/11/2020,CMPC,82858,20K06031B,391
321,17/11/2020,CMPC,82858,20K05322D,390
322,17/11/2020,CMPC,82858,20K05321D,389
323,17/11/2020,CMPC,82858,20K05341B,391
324,17/11/2020,CMPC,82858,20K06032P,391
325,17/11/2020,CMPC,82858,20K06041A,391
326,17/11/2020,CMPC,82858,20K05341A,141
327,18/11/2020,SANTA MARIA PAPEIS,130975,40782-2/20F991,414
328,18/11/2020,SANTA MARIA PAPEIS,130975,40782-2/20A011,423
329,18/11/2020,SANTA MARIA PAPEIS,130975,40782-2/20C991,416
330,18/11/2020,SANTA MARIA PAPEIS,130975,40782-2/20C011,423
331,18/11/2020,CMPC,82858,20K05341A,250
332,18/11/2020,CMPC,82858,20K06041B,391
333,18/11/2020,CMPC,82858,20K06032E,160
334,19/11/2020,CMPC,82858,20K06032E,230
335,19/11/2020,CMPC,82858,20K06031D,390
336,19/11/2020,CMPC,82858,20K06031A,390
337,19/11/2020,CMPC,82858,20K06032B,392
338,19/11/2020,CMPC,82858,20K06042D,391
339,19/11/2020,CMPC,82858,20K05321E,388
340,19/11/2020,CMPC,82858,20K05312B,388
341,19/11/2020,CMPC,82858,20K06051P,391
342,19/11/2020,CMPC,82858,20K06041P,160
343,20/11/2020,CMPC,82858,20K06041P,230
344,20/11/2020,CMPC,82858,20K06031D,390
345,20/11/2020,CMPC,82858,20K06051E,391
346,20/11/2020,CMPC,82858,20K05301B,387
347,20/11/2020,CMPC,82858,20K06042P,391
348,20/11/2020,CMPC,82858,20K05321P,388
349,20/11/2020,CMPC,82858,20K06032A,392
350,20/11/2020,CMPC,82858,20K06042D,391
351,20/11/2020,CMPC,82858,20K06041E,389
352,20/11/2020,CMPC,82858,20K06042E,390
353,20/11/2020,CMPC,82858,20K05301A,386
354,20/11/2020,CMPC,83503,20K18132P,385
355,20/11/2020,CMPC,83503,20K18142P,385
356,20/11/2020,CMPC,83503,20K18131D,385
357,20/11/2020,CMPC,83503,20K18141D,250
358,23/11/2020,CMPC,83503,20K18122P,386
359,23/11/2020,CMPC,83503,20K18141P,384
360,23/11/2020,CMPC,83503,20K06252C,182
361,23/11/2020,CMPC,83503,20K18122E,386
362,23/11/2020,CMPC,83503,20K06251C,388
363,23/11/2020,CMPC,83503,20K18131P,384
364,23/11/2020,CMPC,83503,20K18122B,387
365,23/11/2020,CMPC,83503,20K18131E,384
366,23/11/2020,CMPC,83503,20K18152B,381
367,23/11/2020,CMPC,83503,20K18112D,382
368,23/11/2020,CMPC,83503,20K18131E,184
369,24/11/2020,CMPC,83503,20K06262C,389
370,24/11/2020,CMPC,83503,20K18131E,200
371,24/11/2020,CMPC,83503,20K18132B,385
372,24/11/2020,CMPC,83503,20K18142E,385
373,24/11/2020,CMPC,83503,20K18112E,383
374,24/11/2020,CMPC,83503,20K18142D,384
375,24/11/2020,CMPC,83503,20K06211C,389
376,24/11/2020,CMPC,83503,20K18152A,381
377,24/11/2020,CMPC,83503,20K18132A,384
378,24/11/2020,CMPC,83503,20K06212C,390
379,24/11/2020,CMPC,83503,20K18122B,187
380,25/11/2020,CMPC,83503,20K18122B,200
381,25/11/2020,CMPC,83503,20K06152P,390
382,25/11/2020,CMPC,83503,20K18151P,383
383,25/11/2020,CMPC,83503,20K18092E,381
384,25/11/2020,CMPC,83503,20K18141P,384
385,25/11/2020,SANTA MARIA PAPEIS,130975,40782-2/20C981,413
386,25/11/2020,SANTA MARIA PAPEIS,130975,40782-2/20A001,406
387,25/11/2020,SANTA MARIA PAPEIS,130975,40782-2/20Z961,205
388,25/11/2020,SANTA MARIA PAPEIS,130975,40782-2/20E941,413
389,25/11/2020,SANTA MARIA PAPEIS,130975,40782-2/20Z991,416
390,25/11/2020,SANTA MARIA PAPEIS,130975,40782-2/20Z961,210
391,26/11/2020,CMPC,83503,20K18092E,200
392,26/11/2020,CMPC,83503,20K18151E,382
393,26/11/2020,CMPC,83503,20K06151D,389
394,26/11/2020,CMPC,83503,20K18142A,384
395,26/11/2020,CMPC,83503,20K06261C,388
396,26/11/2020,CMPC,83503,20K18092D,381
397,26/11/2020,CMPC,83503,20K06252C,260
398,26/11/2020,CMPC,84106,20K22241P,389
399,26/11/2020,CMPC,84106,20K22291P,391
400,26/11/2020,CMPC,84106,20K22241E,115
401,27/11/2020,CMPC,84106,20K22241E,273
402,27/11/2020,CMPC,84106,20K22291E,390
403,27/11/2020,CMPC,84106,20K22231B,388
404,27/11/2020,CMPC,84106,20K22251B,387
405,27/11/2020,CMPC,84106,20K22242P,388
406,27/11/2020,CMPC,84106,20K22231A,387
407,27/11/2020,CMPC,84106,20K22261B,387
408,27/11/2020,CMPC,84106,20K22232B,386
409,27/11/2020,CMPC,84106,20K22301P,390
410,27/11/2020,CMPC,84106,20K22292E,391
411,27/11/2020,CMPC,84106,20K22272P,50
412,28/11/2020,CMPC,84106,20K22272P,324
413,28/11/2020,CMPC,84106,20K22271B,386
414,28/11/2020,CMPC,84106,20K22292P,391
415,28/11/2020,CMPC,84106,20K22281B,386
416,28/11/2020,CMPC,84106,20K22271A,326
417,28/11/2020,CMPC,84106,20K22301E,186
418,30/11/2020,SANTA MARIA PAPEIS,130975,40782-2/20B001,423
419,30/11/2020,SANTA MARIA PAPEIS,130975,40782-2/20F981,416
420,30/11/2020,SANTA MARIA PAPEIS,130975,40782-2/20C971,414
421,30/11/2020,SANTA MARIA PAPEIS,130975,40782-2/20A971,415
422,30/11/2020,SANTA MARIA PAPEIS,130975,40782-2/20E961,415
423,30/11/2020,SANTA MARIA PAPEIS,130975,40782-2/20Z981,417
424,30/11/2020,SANTA MARIA PAPEIS,130975,40782-2/20F971,417
425,30/11/2020,SANTA MARIA PAPEIS,130975,40782-2/20E951,356
426,01/12/2020,CMPC,84106,20K22301E,200
427,01/12/2020,CMPC,84106,20K22261A,387
428,01/12/2020,CMPC,84106,20K22202B,388
429,01/12/2020,CMPC,84106,20K22232A,386
430,01/12/2020,CMPC,84106,20K22202A,387
431,01/12/2020,CMPC,84106,20K22272B,371
432,01/12/2020,CMPC,84106,20K22251B,387
433,01/12/2020,CMPC,84106,20K22211P,388
434,01/12/2020,CMPC,84106,20K22272A,371
435,01/12/2020,CMPC,84106,20K22282P,391
436,01/12/2020,CMPC,84106,20K22272P,374
437,01/12/2020,CMPC,84106,20K22282E,391
438,01/12/2020,CMPC,84106,20K22211E,388
439,01/12/2020,CMPC,84106,20K22242P,388
440,01/12/2020,CMPC,84106,20K22281B,386
441,01/12/2020,CMPC,84106,20K22222P,309
442,01/12/2020,CMPC,84106,20K22271A,60
443,02/12/2020,CMPC,84106,20K22222P,80
444,02/12/2020,CMPC,84106,20K22222E,389
445,02/12/2020,CMPC,84739,20K27011D,389
446,02/12/2020,CMPC,84739,20K28231A,383
447,02/12/2020,CMPC,84739,20K28191D,385
448,02/12/2020,CMPC,84739,20K28231A,383
449,02/12/2020,CMPC,84739,20K28182D,384
450,02/12/2020,CMPC,84739,20K27022D,389
451,02/12/2020,CMPC,84739,20K26332D,308
452,03/12/2020,CMPC,84739,20K26332D,80
453,03/12/2020,CMPC,84739,20K28221E,379
454,03/12/2020,CMPC,84739,20K27072D,382
455,03/12/2020,CMPC,84739,20K28221D,379
456,03/12/2020,CMPC,84739,20K28212D,384
457,03/12/2020,CMPC,84739,20K28221P,385
458,03/12/2020,CMPC,84739,20K28221B,380
459,03/12/2020,CMPC,84739,20K27021D,388
460,03/12/2020,CMPC,84739,20K28223B,377
461,03/12/2020,CMPC,84739,20K28231E,383
462,03/12/2020,CMPC,84739,20K26341D,389
463,03/12/2020,CMPC,84739,20K28223D,80
464,04/12/2020,CMPC,84739,20K28223D,309
465,04/12/2020,CMPC,84739,20K28231D,383
466,05/12/2020,SANTA MARIA PAPEIS,130975,40782-2/20B971,415
467,05/12/2020,SANTA MARIA PAPEIS,130975,40782-2/20E951,60
468,05/12/2020,SANTA MARIA PAPEIS,130975,40782-2/20F981,60
469,05/12/2020,SANTA MARIA PAPEIS,130975,40782-2/20Z941,414
470,05/12/2020,SANTA MARIA PAPEIS,130975,40782-2/20Z951,417
471,05/12/2020,SANTA MARIA PAPEIS,130975,40782-2/20Z971,417
472,05/12/2020,CMPC,84739,20K28241B,245
473,05/12/2020,CMPC,84739,20K28241P,187
474,06/12/2020,CMPC,85183,20K27022P,387
475,06/12/2020,CMPC,85183,20K27022E,386
476,06/12/2020,CMPC,85183,20K27081P,385
477,06/12/2020,CMPC,85183,20K27081E,385
478,07/12/2020,CMPC,84739,20K28241B,60
479,07/12/2020,CMPC,84739,20K28223E,377
480,07/12/2020,CMPC,84739,20K26352D,393
481,07/12/2020,CMPC,84739,20K28241A,384
482,07/12/2020,CMPC,84739,20K28232A,383
483,07/12/2020,CMPC,84739,20K28241D,384
484,07/12/2020,CMPC,84739,20K28232D,382
485,07/12/2020,CMPC,84739,20K28223A,376
486,07/12/2020,CMPC,84739,20K28221A,379
487,04/12/2020,CMPC,84739,20K28232P,386
488,04/12/2020,CMPC,84739,20K28242P,387
489,04/12/2020,CMPC,84739,20K28232E,383
490,04/12/2020,CMPC,84739,20K28232B,383
491,04/12/2020,CMPC,84739,20K28231P,386
492,04/12/2020,CMPC,84739,20K28241E,384
493,04/12/2020,CMPC,84739,20K28241B,80
494,07/12/2020,CMPC,85183,20K27302D,70
495,08/12/2020,CMPC,84739,20K28241P,200
496,08/12/2020,CMPC,85183,20K27302D,317
497,08/12/2020,CMPC,85183,20K22252D,392
498,08/12/2020,CMPC,85183,20K27301B,384
499,08/12/2020,CMPC,85183,20K26322B,388
500,08/12/2020,CMPC,85183,20K22192D,392
501,08/12/2020,CMPC,85183,20K27301D,386
502,08/12/2020,CMPC,85183,20K22231D,391
503,08/12/2020,CMPC,85183,20K27291D,386
504,08/12/2020,CMPC,85183,20K27291P,383
505,08/12/2020,CMPC,85183,20K27292D,386
506,08/12/2020,CMPC,85183,20K27292B,314
507,09/12/2020,CMPC,85183,20K27292B,70
508,09/12/2020,CMPC,85183,20K27301A,383
509,09/12/2020,CMPC,85183,20K27292A,384
510,09/12/2020,CMPC,85183,20K27291E,383
511,09/12/2020,CMPC,85183,20K27081B,385
512,09/12/2020,CMPC,85183,20K27082B,385
513,09/12/2020,CMPC,85183,20K27301P,384
514,09/12/2020,SANTA MARIA PAPEIS,131745,41114-2/20Z191,200
515,09/12/2020,SANTA MARIA PAPEIS,131745,41114-2/20D191,418
516,09/12/2020,SANTA MARIA PAPEIS,131745,41114-2/20D182,209
517,10/12/2020,SANTA MARIA PAPEIS,131745,41114-2/20D182,409
518,10/12/2020,SANTA MARIA PAPEIS,131745,41113-2/20B172,415
519,10/12/2020,SANTA MARIA PAPEIS,131745,41114-2/20A181,253
520,10/12/2020,CMPC,85183,20K27301P,70
521,10/12/2020,CMPC,85183,20K27282P,385
522,10/12/2020,CMPC,85183,20K27082P,385
523,10/12/2020,CMPC,85183,20K27081A,385
524,10/12/2020,CMPC,85183,20K27082E,384
525,10/12/2020,CMPC,85183,20K27292P,384
526,10/12/2020,CMPC,85183,20K27082E,314
527,10/12/2020,CMPC,85183,20K27292E,384
528,10/12/2020,CMPC,85183,20K27301E,154
529,11/12/2020,CMPC,85183,20K27301E,200
530,11/12/2020,CMPC,85183,20K27082A,385
531,11/12/2020,CMPC,85183,20K22282D,392
532,11/12/2020,CMPC,85183,20K27061D,387
533,11/12/2020,CMPC,85183,20K27042D,390
534,11/12/2020,CMPC,85702,20K22212D,392
535,11/12/2020,CMPC,85702,20K26332B,385
536,11/12/2020,CMPC,85702,20E07261D,394
537,11/12/2020,CMPC,85702,20K26342E,386
538,11/12/2020,CMPC,85702,20K26332P,386
539,11/12/2020,CMPC,85702,20K26342P,386
540,11/12/2020,CMPC,85702,20E07261D,394
541,12/12/2020,CMPC,85702,20L07312D,387
542,12/12/2020,CMPC,85702,20L04091P,386
543,12/12/2020,CMPC,85702,20K26331P,386
544,12/12/2020,CMPC,85702,20E07261D,190
545,12/12/2020,CMPC,85702,20K26332A,385
546,12/12/2020,CMPC,85702,20K26331E,385
547,12/12/2020,CMPC,85183,20K27292B,70
548,14/12/2020,CMPC,85702,20L04242P,384
549,14/12/2020,CMPC,85702,20K26331E,60
550,14/12/2020,CMPC,85702,20K26331E,385
551,14/12/2020,CMPC,85702,20L07272D,358
552,14/12/2020,CMPC,85702,20K26351E,383
553,14/12/2020,CMPC,85702,20K26322D,386
554,14/12/2020,CMPC,85702,20E07202B,391
555,14/12/2020,CMPC,85702,20K26331A,385
556,14/12/2020,CMPC,85702,20E07202A,300
557,15/12/2020,CMPC,85702,20E07202A,90
558,15/12/2020,CMPC,85702,20K26322P,387
559,15/12/2020,CMPC,85702,20L04242E,383
560,15/12/2020,CMPC,85702,20K26332A,385
561,15/12/2020,CMPC,85702,20K26361B,386
562,15/12/2020,CMPC,85702,20K26322E,386
563,15/12/2020,CMPC,85702,20K26342A,385
564,15/12/2020,CMPC,85702,20K26361A,385
565,15/12/2020,CMPC,85702,20K26361P,387
566,15/12/2020,CMPC,85702,20K26342B,386
567,15/12/2020,CMPC,85702,20K26332E,285
568,16/12/2020,SANTA MARIA PAPEIS,131745,41114-2/20A181,161
569,16/12/2020,SANTA MARIA PAPEIS,131745,41114-2/20A182,412
570,16/12/2020,SANTA MARIA PAPEIS,131745,41114-2/20B181,415
571,16/12/2020,SANTA MARIA PAPEIS,131745,41113-2/20E172,413
572,16/12/2020,SANTA MARIA PAPEIS,131745,41114-2/20E181,315
573,16/12/2020,CMPC,85702,20K26332P,386
574,16/12/2020,CMPC,85702,20K26332E,100
575,16/12/2020,CMPC,85702,20K26361P,267
576,17/12/2020,CMPC,85702,20K26361P,120
577,17/12/2020,CMPC,86209,20L15101A,393
578,17/12/2020,CMPC,86209,20L14361E,385
579,17/12/2020,CMPC,86209,20L15091P,390
580,17/12/2020,CMPC,86209,20L14073P,387
581,17/12/2020,CMPC,86209,20L14361D,384
582,17/12/2020,CMPC,86209,20L15062B,390
583,17/12/2020,CMPC,86209,20L15052B,390
584,17/12/2020,CMPC,86209,20L15061P,388
585,17/12/2020,CMPC,86209,20L15051A,269
586,17/12/2020,CMPC,86209,20L15061E,115
587,18/12/2020,CMPC,86209,20L15061E,273
588,18/12/2020,CMPC,86209,20L15071P,389
589,18/12/2020,CMPC,86209,20L15051B,389
590,18/12/2020,CMPC,86209,20L15071E,388
591,18/12/2020,CMPC,86209,20L14353D,386
592,18/12/2020,CMPC,86209,20L14361P,386
593,18/12/2020,CMPC,86209,20L15131A,387
594,18/12/2020,CMPC,86209,20L15071A,290
595,18/12/2020,CMPC,86209,20L15062A,190
596,21/12/2020,SANTA MARIA PAPEIS,131745,41114-2/20E181,100
597,21/12/2020,SANTA MARIA PAPEIS,131745,41114-2/20G191,419
598,21/12/2020,SANTA MARIA PAPEIS,131745,41114-2/20A191,413
599,21/12/2020,SANTA MARIA PAPEIS,131745,41114-2/20Z182,412
600,21/12/2020,SANTA MARIA PAPEIS,131745,41114-2/20E191,415
601,21/12/2020,SANTA MARIA PAPEIS,131745,41114-2/20C191,417
602,21/12/2020,SANTA MARIA PAPEIS,131745,41114-2/20F182,411
603,21/12/2020,SANTA MARIA PAPEIS,131745,41113-2/20F172,415
604,21/12/2020,SANTA MARIA PAPEIS,131745,41114-2/20G192,253
605,22/12/2020,CMPC,86209,20L15051A,120
606,22/12/2020,CMPC,86209,20L15052A,390
607,22/12/2020,CMPC,86209,20L15112A,389
608,22/12/2020,CMPC,86209,20L15042D,386
609,22/12/2020,CMPC,86209,20L15071B,391
610,22/12/2020,CMPC,86209,20L15052E,388
611,22/12/2020,CMPC,86209,20L15052D,338
612,22/12/2020,CMPC,86209,20L15062A,100
613,04/01/2021,CMPC,86209,20L15042E,386
614,04/01/2021,CMPC,86209,20L15052D,50
615,04/01/2021,CMPC,86209,20L15092C,391
616,04/01/2021,CMPC,86209,20L15022A,390
617,04/01/2021,CMPC,86209,20L15052P,388
618,04/01/2021,CMPC,86209,20L15051E,386
619,04/01/2021,CMPC,86209,20L15051P,387
620,04/01/2021,CMPC,86209,20L15051D,388
621,04/01/2021,CMPC,86209,20L15022B,390
622,10/01/2021,SANTA MARIA PAPEIS,131745,41113-2/20A172,417
623,10/01/2021,SANTA MARIA PAPEIS,131745,41113-2/20D172,417
624,10/01/2021,SANTA MARIA PAPEIS,131745,41114-2/20C182,414
625,10/01/2021,SANTA MARIA PAPEIS,131745,41114-2/20Z191,417
626,05/01/2021,SANTA MARIA PAPEIS,131745,41114-2/20B182,414
627,05/01/2021,SANTA MARIA PAPEIS,131745,41113-2/20G172,419
628,05/01/2021,SANTA MARIA PAPEIS,131745,41114-2/20G192,164
629,05/01/2021,SANTA MARIA PAPEIS,131745,41114-2/20E182,411
630,05/01/2021,SANTA MARIA PAPEIS,131745,41114-2/20D181,413
631,05/01/2021,SANTA MARIA PAPEIS,131745,41114-2/20Z192,415
632,05/01/2021,SANTA MARIA PAPEIS,131745,41114-2/20G182,415
633,05/01/2021,SANTA MARIA PAPEIS,131745,41113-2/20Z172,416
634,06/01/2021,SANTA MARIA PAPEIS,131745,41114-2/20B191,416
635,06/01/2021,SANTA MARIA PAPEIS,131745,41114-2/20C181,412
636,06/01/2021,SANTA MARIA PAPEIS,131745,41113-2/20C172,415
637,06/01/2021,SANTA MARIA PAPEIS,131745,41114-2/20Z181,167
638,06/01/2021,CMPC,86209,20L15022B,60
639,06/01/2021,CMPC,87772,20L14292E,383
640,06/01/2021,CMPC,87772,20L14292A,385
641,06/01/2021,CMPC,87772,20L18081D,382
642,06/01/2021,CMPC,87772,20L18071D,386
643,07/01/2021,CMPC,87772,20L18071D,115
644,07/01/2021,CMPC,87772,20L18072D,386
645,07/01/2021,CMPC,87772,20L18071A,385
646,07/01/2021,CMPC,87772,20L14281P,381
647,07/01/2021,CMPC,87772,20L18072B,381
648,07/01/2021,CMPC,87772,20L18071P,386
649,07/01/2021,CMPC,87772,20L18071B,385
650,07/01/2021,CMPC,87772,20L18142A,385
651,07/01/2021,CMPC,87772,20L18071E,385
652,07/01/2021,CMPC,87772,20L14292A,295
653,07/01/2021,CMPC,87772,20L18081B,180
654,08/01/2021,CMPC,87772,20L18081B,207
655,08/01/2021,CMPC,87772,20L14281E,380
656,08/01/2021,CMPC,87772,20L14282P,381
657,08/01/2021,CMPC,87772,20L18062E,386
658,08/01/2021,CMPC,87772,20L14282E,380
659,08/01/2021,CMPC,87772,20L18142B,386
660,08/01/2021,CMPC,87772,20L18081A,387
661,08/01/2021,CMPC,87772,20L18082E,336
662,08/01/2021,CMPC,87772,20L14292A,90
663,09/01/2021,CMPC,87772,20L18082E,50
664,09/01/2021,CMPC,87772,20L18061E,385
665,09/01/2021,CMPC,87772,20L18082B,387
666,09/01/2021,CMPC,87772,20L18062P,386
667,09/01/2021,CMPC,87772,20L18061B,386
668,09/01/2021,CMPC,87772,20L18082P,100
669,11/01/2021,CMPC,87772,20L18082P,287
670,11/01/2021,CMPC,87772,20L18061A,386
671,11/01/2021,CMPC,87772,20L18061P,386
672,11/01/2021,CMPC,87772,20L18062A,386
673,11/01/2021,CMPC,87772,20L18082A,387
674,11/01/2021,CMPC,87772,20L18062D,386
675,11/01/2021,CMPC,87772,20L18062B,111
676,12/01/2021,SANTA MARIA PAPEIS,132342,41235-2/20A371,417
677,12/01/2021,SANTA MARIA PAPEIS,132342,41241-2/20F652,406
678,12/01/2021,SANTA MARIA PAPEIS,132342,41241-2/20Z651,409
679,12/01/2021,SANTA MARIA PAPEIS,132342,41236-2/20E402,409
680,12/01/2021,SANTA MARIA PAPEIS,132342,41241-2/20F642,409
681,12/01/2021,SANTA MARIA PAPEIS,132342,41241-2/20F661,409
682,12/01/2021,SANTA MARIA PAPEIS,132342,41241-2/20C671,253
683,12/01/2021,SANTA MARIA PAPEIS,131745,41114-2/20Z181,250
684,13/01/2021,SANTA MARIA PAPEIS,132342,41241-2/20C671,157
685,13/01/2021,SANTA MARIA PAPEIS,132342,41236-2/20Z411,411
686,13/01/2021,SANTA MARIA PAPEIS,132342,41241-2/20F662,404
687,13/01/2021,SANTA MARIA PAPEIS,131745,41114-2/20F181,411
688,13/01/2021,SANTA MARIA PAPEIS,132342,41241-2/20F641,258
689,13/01/2021,CMPC,87772,20L18061D,385
690,13/01/2021,CMPC,87772,20L18062B,276
691,13/01/2021,CMPC,87772,20L14292P,384
692,13/01/2021,CMPC,88426,21A10062D,365
693,13/01/2021,CMPC,88426,21A10282D,230
694,13/01/2021,CMPC,86209,20L15071A,100
695,17/01/2021,SANTA MARIA PAPEIS,132342,41241-2/20F671,410
696,17/01/2021,SANTA MARIA PAPEIS,132342,41241-2/20F651,409
697,17/01/2021,SANTA MARIA PAPEIS,132342,41236-2/20Z402,408
698,17/01/2021,SANTA MARIA PAPEIS,132342,41236-2/20A402,409
699,14/01/2021,CMPC,88426,21A10282D,160
700,14/01/2021,CMPC,88426,21A10111P,390
701,14/01/2021,CMPC,88426,21A10111D,389
702,14/01/2021,CMPC,88426,21A10192D,359
703,14/01/2021,CMPC,88426,21A10112P,391
704,14/01/2021,CMPC,88426,21A10052P,384
705,14/01/2021,CMPC,88426,21A10272D,390
706,14/01/2021,CMPC,88426,21A10122D,389
707,14/01/2021,CMPC,88426,21A10242D,104
708,18/01/2021,CMPC,88426,21A10031P,191
709,18/01/2021,CMPC,88426,21A10152E,388
710,18/01/2021,CMPC,88426,21A10071D,390
711,18/01/2021,CMPC,88426,21A10122B,390
712,18/01/2021,CMPC,88426,21A10152P,388
713,18/01/2021,CMPC,88426,21A07282C,361
714,18/01/2021,CMPC,88426,21A10151E,388
715,18/01/2021,CMPC,88426,21A10121P,390
716,18/01/2021,CMPC,88426,21A10032P,254
717,15/01/2021,CMPC,88426,21A10242D,120
718,15/01/2021,CMPC,88426,21A10062P,366
719,15/01/2021,CMPC,88426,21A10151D,390
720,15/01/2021,CMPC,88426,21A10262D,393
721,15/01/2021,CMPC,88426,21A10052D,384
722,15/01/2021,CMPC,88426,21A10071P,390
723,15/01/2021,CMPC,88426,21A10122E,390
724,15/01/2021,CMPC,88426,21A10112D,390
725,15/01/2021,CMPC,88426,21A10122P,390
726,15/01/2021,CMPC,88426,21A10031D,200
727,16/01/2021,SANTA MARIA PAPEIS,132342,41241-2/20F641,150
728,16/01/2021,SANTA MARIA PAPEIS,132342,41236-2/20A411,411
729,16/01/2021,SANTA MARIA PAPEIS,132342,41236-2/20B402,407
730,16/01/2021,SANTA MARIA PAPEIS,132342,41241-2/20Z642,158
731,19/01/2021,SANTA MARIA PAPEIS,132342,41241-2/20Z642,250
732,19/01/2021,SANTA MARIA PAPEIS,132342,41241-2/20Z661,408
733,19/01/2021,SANTA MARIA PAPEIS,132342,41241-2/20C661,409
734,19/01/2021,SANTA MARIA PAPEIS,132342,41241-2/20C651,410
735,19/01/2021,SANTA MARIA PAPEIS,132342,41241-2/20C662,154
736,19/01/2021,CMPC,88426,21A10032P,138
737,19/01/2021,CMPC,88426,21A10032D,391
738,19/01/2021,CMPC,88426,21A10122A,389
739,19/01/2021,CMPC,88426,21A10121D,390
740,19/01/2021,CMPC,88426,21A10031P,138
741,20/01/2021,CMPC,88426,21A10031P,253
742,20/01/2021,CMPC,88426,21A10151P,388
743,20/01/2021,CMPC,88893,21A15381D,391
744,20/01/2021,CMPC,88893,21A15382P,390
745,20/01/2021,CMPC,88893,21A15302D,370
746,20/01/2021,CMPC,88893,21A15401D,389
747,20/01/2021,CMPC,88893,21A15392B,392
748,20/01/2021,CMPC,88893,21A16232A,386
749,20/01/2021,CMPC,88893,21A15391A,140
750,21/01/2021,CMPC,88893,21A15391A,300
751,21/01/2021,CMPC,88893,21A16241P,158
752,21/01/2021,CMPC,88426,21A10121D,50
753,22/01/2021,SANTA MARIA PAPEIS,132342,41236-2/20B412,409
754,22/01/2021,SANTA MARIA PAPEIS,132342,41241-2/20C662,250
755,22/01/2021,SANTA MARIA PAPEIS,132342,41241-2/20Z671,410
756,22/01/2021,SANTA MARIA PAPEIS,132342,41241-2/20Z662,403
757,22/01/2021,SANTA MARIA PAPEIS,132342,41239-2/20F562,404
758,22/01/2021,SANTA MARIA PAPEIS,132342,41241-2/20C642,410
759,22/01/2021,SANTA MARIA PAPEIS,132342,41241-2/20Z652,405
760,22/01/2021,SANTA MARIA PAPEIS,132342,41241-2/20Z641,290
761,25/01/2021,CMPC,88893,21A16241P,230
762,25/01/2021,CMPC,88893,21A15391B,391
763,25/01/2021,CMPC,88893,21A15392A,392
764,25/01/2021,CMPC,88893,21A15382E,389
765,25/01/2021,CMPC,88893,21A16232P,386
766,25/01/2021,CMPC,88893,21A15392B,271
767,26/01/2021,CMPC,88893,21A15392B,120
768,26/01/2021,CMPC,88893,21A15382D,391
769,26/01/2021,CMPC,88893,21A16242D,385
770,26/01/2021,CMPC,88893,21A15321D,387
771,26/01/2021,CMPC,88893,21A16242E,386
772,26/01/2021,CMPC,88893,21A16241B,385
773,26/01/2021,CMPC,88893,21A15112E,388
774,26/01/2021,CMPC,88893,21A16241A,264
775,27/01/2021,CMPC,88893,21A15112P,389
776,27/01/2021,CMPC,88893,21A16241A,120
777,27/01/2021,CMPC,88893,21A16231B,386
778,27/01/2021,CMPC,88893,21A15382B,391
779,27/01/2021,CMPC,88893,21A16231A,386
780,27/01/2021,CMPC,88893,21A15382A,391
781,27/01/2021,CMPC,88893,21A16241E,385
782,27/01/2021,CMPC,88893,21A16231D,385
783,27/01/2021,CMPC,88893,21A16241D,384
784,28/01/2021,SANTA MARIA PAPEIS,132342,41241-2/20Z641,120
785,28/01/2021,SANTA MARIA PAPEIS,132342,41235-2/20A372,407
786,28/01/2021,SANTA MARIA PAPEIS,132342,41241-2/20C641,411
787,28/01/2021,SANTA MARIA PAPEIS,132342,41241-2/20C652,407
788,28/01/2021,SANTA MARIA PAPEIS,132342,41236-2/20B411,408
789,28/01/2021,SANTA MARIA PAPEIS,132342,41236-2/20Z421,411
790,28/01/2021,SANTA MARIA PAPEIS,132863,41590-2/21A892,362
791,28/01/2021,SANTA MARIA PAPEIS,132863,41599-2/21E202,182
792,29/01/2021,CMPC,88893,21A16241D,120
793,29/01/2021,CMPC,88893,21A15402A,390
794,29/01/2021,CMPC,88893,21A16242B,385
795,29/01/2021,CMPC,88893,21A16231E,385
796,29/01/2021,CMPC,88893,21A16242A,385
797,29/01/2021,CMPC,88893,21A15402B,390
798,01/02/2021,SANTA MARIA PAPEIS,132863,41599-2/21E202,230
799,01/02/2021,SANTA MARIA PAPEIS,132863,41599-2/21E192,412
800,01/02/2021,SANTA MARIA PAPEIS,132863,41599-2/21E191,414
801,01/02/2021,SANTA MARIA PAPEIS,132863,41599-2/21Z191,414
802,01/02/2021,SANTA MARIA PAPEIS,132863,41599-2/21B201,403
803,01/02/2021,SANTA MARIA PAPEIS,132863,41599-2/21B202,346
804,01/02/2021,SANTA MARIA PAPEIS,132863,41590-2/21A892,40
805,08/02/2021,CMPC,90009,21A16161B,300
806,08/02/2021,CMPC,90009,21A14261D,70
807,08/02/2021,CMPC,90009,21A16123B,389
808,08/02/2021,CMPC,90009,21A15311D,387
809,08/02/2021,CMPC,90009,21A16161B,390
810,09/02/2021,CMPC,90009,21A14262B,250
811,09/02/2021,CMPC,90009,21A16161E,387
812,09/02/2021,CMPC,90009,21A16141B,389
813,09/02/2021,CMPC,90009,21A16151A,388
814,09/02/2021,CMPC,90009,21A15341D,388
815,09/02/2021,CMPC,90009,21A16151P,388
816,09/02/2021,CMPC,90009,21A17132A,394
817,09/02/2021,CMPC,90009,21A16142E,388
818,09/02/2021,CMPC,90009,21A14261E,384
819,09/02/2021,CMPC,90009,21A16141E,157
820,10/02/2021,CMPC,90009,21A16141E,230
821,10/02/2021,CMPC,90009,21A15292A,389
822,10/02/2021,CMPC,90009,21A07151D,387
823,10/02/2021,CMPC,90009,21A07143P,384
824,10/02/2021,CMPC,90009,21A07143B,383
825,10/02/2021,CMPC,90009,21A14261P,384
826,10/02/2021,CMPC,90009,21A16141P,388
827,10/02/2021,CMPC,90009,21A07143A,386
828,10/02/2021,CMPC,90009,21A16142A,139
829,11/02/2021,CMPC,90009,21A16142A,250
830,11/02/2021,CMPC,90009,21A16142B,389
831,11/02/2021,CMPC,90009,21A16141A,389
832,11/02/2021,CMPC,90009,21A16142P,388
833,11/02/2021,CMPC,90009,21A16141D,388
834,11/02/2021,CMPC,90009,21A14272A,385
835,11/02/2021,CMPC,90009,21A15331D,388
836,11/02/2021,CMPC,90009,21A14272B,386
837,11/02/2021,CMPC,90009,21A16142D,387
